epoch,predicted_category,actual_target,prediction_confidence,date,pair,hours_passed,buy_sl_time,sell_sl_time
7,0,0,0.66015625,2025-01-26 00:00:00,AUDUSD,6.0,6.0,1.0
7,0,0,0.5390625,2025-01-26 00:00:00,CHFJPY,1.0,1.0,1.0
7,0,0,0.496337890625,2025-01-26 00:00:00,EURUSD,4.0,4.0,1.0
7,0,0,0.5244140625,2025-01-26 00:00:00,USDJPY,22.0,None,1.0
7,0,0,0.5205078125,2025-01-26 00:00:00,USDMXN,2.0,2.0,1.0
7,0,0,0.65185546875,2025-01-26 01:00:00,AUDUSD,6.0,1.0,None
7,0,0,0.4716796875,2025-01-26 01:00:00,CHFJPY,13.0,3.0,None
7,0,0,0.49462890625,2025-01-26 01:00:00,EURUSD,3.0,3.0,2.0
7,0,0,0.50146484375,2025-01-26 01:00:00,USDJPY,5.0,3.0,5.0
7,0,0,0.546875,2025-01-26 01:00:00,USDMXN,4.0,1.0,4.0
7,0,2,0.52783203125,2025-01-26 02:00:00,AUDUSD,9.0,4.0,None
7,0,2,0.455078125,2025-01-26 02:00:00,CHFJPY,12.0,2.0,None
7,0,0,0.45947265625,2025-01-26 02:00:00,EURUSD,2.0,2.0,1.0
7,0,0,0.48974609375,2025-01-26 02:00:00,USDJPY,4.0,2.0,4.0
7,0,0,0.603515625,2025-01-26 02:00:00,USDMXN,12.0,12.0,4.0
7,1,2,0.383056640625,2025-01-26 03:00:00,AUDUSD,4.0,3.0,None
7,0,0,0.4189453125,2025-01-26 03:00:00,CHFJPY,14.0,1.0,None
7,1,0,0.41259765625,2025-01-26 03:00:00,EURUSD,14.0,None,9.0
7,1,0,0.4521484375,2025-01-26 03:00:00,USDJPY,2.0,1.0,2.0
7,0,0,0.49365234375,2025-01-26 03:00:00,USDMXN,5.0,5.0,3.0
7,0,2,0.45556640625,2025-01-26 04:00:00,AUDUSD,5.0,3.0,None
7,1,0,0.42822265625,2025-01-26 04:00:00,CHFJPY,22.0,4.0,22.0
7,1,0,0.428466796875,2025-01-26 04:00:00,EURUSD,13.0,None,8.0
7,0,0,0.48779296875,2025-01-26 04:00:00,USDJPY,2.0,1.0,2.0
7,0,0,0.609375,2025-01-26 04:00:00,USDMXN,5.0,5.0,2.0
7,1,0,0.401123046875,2025-01-26 05:00:00,AUDUSD,2.0,2.0,1.0
7,1,0,0.412109375,2025-01-26 05:00:00,CHFJPY,19.0,3.0,19.0
7,1,1,0.4443359375,2025-01-26 05:00:00,EURUSD,12.0,None,7.0
7,0,0,0.49609375,2025-01-26 05:00:00,USDJPY,10.0,5.0,10.0
7,1,0,0.448486328125,2025-01-26 05:00:00,USDMXN,4.0,4.0,1.0
7,1,2,0.414306640625,2025-01-26 06:00:00,AUDUSD,11.0,1.0,None
7,1,0,0.406005859375,2025-01-26 06:00:00,CHFJPY,5.0,2.0,5.0
7,1,1,0.39013671875,2025-01-26 06:00:00,EURUSD,11.0,None,6.0
7,0,0,0.41455078125,2025-01-26 06:00:00,USDJPY,9.0,4.0,9.0
7,1,0,0.49951171875,2025-01-26 06:00:00,USDMXN,8.0,8.0,7.0
7,1,0,0.351318359375,2025-01-26 07:00:00,AUDUSD,4.0,4.0,3.0
7,1,0,0.357177734375,2025-01-26 07:00:00,CHFJPY,17.0,1.0,17.0
7,1,0,0.45751953125,2025-01-26 07:00:00,EURUSD,4.0,4.0,1.0
7,1,0,0.50341796875,2025-01-26 07:00:00,USDJPY,11.0,11.0,8.0
7,1,0,0.5078125,2025-01-26 07:00:00,USDMXN,7.0,7.0,6.0
7,2,0,0.358154296875,2025-01-26 08:00:00,AUDUSD,3.0,3.0,2.0
7,2,0,0.37353515625,2025-01-26 08:00:00,CHFJPY,3.0,2.0,3.0
7,1,0,0.44921875,2025-01-26 08:00:00,EURUSD,3.0,3.0,2.0
7,1,0,0.468017578125,2025-01-26 08:00:00,USDJPY,7.0,3.0,7.0
7,1,0,0.5263671875,2025-01-26 08:00:00,USDMXN,6.0,6.0,4.0
7,2,0,0.3828125,2025-01-26 09:00:00,AUDUSD,2.0,2.0,1.0
7,1,0,0.365478515625,2025-01-26 09:00:00,CHFJPY,5.0,5.0,2.0
7,1,0,0.4765625,2025-01-26 09:00:00,EURUSD,1.0,1.0,1.0
7,1,0,0.406494140625,2025-01-26 09:00:00,USDJPY,3.0,2.0,3.0
7,1,0,0.460693359375,2025-01-26 09:00:00,USDMXN,5.0,5.0,4.0
7,2,0,0.376220703125,2025-01-26 10:00:00,AUDUSD,11.0,7.0,11.0
7,2,0,0.465576171875,2025-01-26 10:00:00,CHFJPY,14.0,4.0,14.0
7,1,1,0.50439453125,2025-01-26 10:00:00,EURUSD,7.0,None,2.0
7,2,0,0.43603515625,2025-01-26 10:00:00,USDJPY,2.0,1.0,2.0
7,1,0,0.477294921875,2025-01-26 10:00:00,USDMXN,4.0,4.0,3.0
7,2,0,0.37353515625,2025-01-26 11:00:00,AUDUSD,10.0,6.0,10.0
7,2,2,0.494140625,2025-01-26 11:00:00,CHFJPY,6.0,3.0,None
7,1,1,0.52587890625,2025-01-26 11:00:00,EURUSD,8.0,None,5.0
7,2,0,0.62109375,2025-01-26 11:00:00,USDJPY,4.0,2.0,4.0
7,1,0,0.51123046875,2025-01-26 11:00:00,USDMXN,3.0,3.0,1.0
7,2,0,0.367431640625,2025-01-26 12:00:00,AUDUSD,9.0,5.0,9.0
7,2,2,0.537109375,2025-01-26 12:00:00,CHFJPY,5.0,2.0,None
7,1,1,0.5361328125,2025-01-26 12:00:00,EURUSD,7.0,None,4.0
7,2,0,0.67626953125,2025-01-26 12:00:00,USDJPY,5.0,5.0,3.0
7,1,0,0.44580078125,2025-01-26 12:00:00,USDMXN,2.0,2.0,2.0
7,2,0,0.36328125,2025-01-26 13:00:00,AUDUSD,8.0,4.0,8.0
7,2,2,0.54736328125,2025-01-26 13:00:00,CHFJPY,4.0,1.0,None
7,1,1,0.5419921875,2025-01-26 13:00:00,EURUSD,11.0,None,4.0
7,2,0,0.70654296875,2025-01-26 13:00:00,USDJPY,7.0,4.0,7.0
7,1,0,0.437744140625,2025-01-26 13:00:00,USDMXN,1.0,1.0,1.0
7,2,0,0.392333984375,2025-01-26 14:00:00,AUDUSD,3.0,3.0,2.0
7,2,0,0.370361328125,2025-01-26 14:00:00,CHFJPY,9.0,1.0,9.0
7,1,1,0.53955078125,2025-01-26 14:00:00,EURUSD,5.0,None,3.0
7,2,0,0.70263671875,2025-01-26 14:00:00,USDJPY,8.0,3.0,8.0
7,0,0,0.361328125,2025-01-26 14:00:00,USDMXN,4.0,4.0,2.0
7,2,0,0.400634765625,2025-01-26 15:00:00,AUDUSD,1.0,1.0,1.0
7,2,0,0.375,2025-01-26 15:00:00,CHFJPY,4.0,2.0,4.0
7,1,0,0.53173828125,2025-01-26 15:00:00,EURUSD,2.0,2.0,2.0
7,2,0,0.65673828125,2025-01-26 15:00:00,USDJPY,5.0,3.0,5.0
7,1,2,0.342529296875,2025-01-26 15:00:00,USDMXN,11.0,3.0,None
7,2,0,0.419189453125,2025-01-26 16:00:00,AUDUSD,3.0,1.0,3.0
7,0,1,0.381103515625,2025-01-26 16:00:00,CHFJPY,10.0,None,3.0
7,1,0,0.5126953125,2025-01-26 16:00:00,EURUSD,3.0,1.0,3.0
7,2,1,0.56689453125,2025-01-26 16:00:00,USDJPY,6.0,None,3.0
7,2,0,0.354248046875,2025-01-26 16:00:00,USDMXN,16.0,3.0,None
7,2,0,0.428955078125,2025-01-26 17:00:00,AUDUSD,4.0,1.0,4.0
7,2,0,0.42333984375,2025-01-26 17:00:00,CHFJPY,50.0,None,6.0
7,1,0,0.45947265625,2025-01-26 17:00:00,EURUSD,18.0,18.0,2.0
7,2,1,0.5791015625,2025-01-26 17:00:00,USDJPY,5.0,None,2.0
7,0,0,0.3427734375,2025-01-26 17:00:00,USDMXN,15.0,3.0,None
7,0,0,0.37255859375,2025-01-26 18:00:00,AUDUSD,5.0,5.0,3.0
7,2,1,0.4287109375,2025-01-26 18:00:00,CHFJPY,10.0,None,1.0
7,1,0,0.457275390625,2025-01-26 18:00:00,EURUSD,16.0,16.0,6.0
7,2,1,0.55908203125,2025-01-26 18:00:00,USDJPY,9.0,None,2.0
7,0,2,0.367431640625,2025-01-26 18:00:00,USDMXN,8.0,1.0,None
7,0,0,0.39990234375,2025-01-26 19:00:00,AUDUSD,5.0,5.0,2.0
7,0,1,0.420654296875,2025-01-26 19:00:00,CHFJPY,9.0,None,4.0
7,1,0,0.420654296875,2025-01-26 19:00:00,EURUSD,34.0,None,5.0
7,2,0,0.43115234375,2025-01-26 19:00:00,USDJPY,15.0,None,3.0
7,0,0,0.419677734375,2025-01-26 19:00:00,USDMXN,25.0,7.0,None
7,0,0,0.419189453125,2025-01-26 20:00:00,AUDUSD,4.0,4.0,1.0
7,0,1,0.4677734375,2025-01-26 20:00:00,CHFJPY,8.0,None,3.0
7,0,0,0.390869140625,2025-01-26 20:00:00,EURUSD,15.0,15.0,4.0
7,0,0,0.489990234375,2025-01-26 20:00:00,USDJPY,15.0,None,2.0
7,0,0,0.46044921875,2025-01-26 20:00:00,USDMXN,24.0,12.0,None
7,0,0,0.4716796875,2025-01-26 21:00:00,AUDUSD,26.0,26.0,9.0
7,0,1,0.5751953125,2025-01-26 21:00:00,CHFJPY,7.0,None,2.0
7,0,0,0.51953125,2025-01-26 21:00:00,EURUSD,11.0,11.0,3.0
7,0,0,0.5771484375,2025-01-26 21:00:00,USDJPY,24.0,24.0,6.0
7,0,0,0.470947265625,2025-01-26 21:00:00,USDMXN,5.0,5.0,2.0
7,0,0,0.5029296875,2025-01-26 22:00:00,AUDUSD,28.0,28.0,8.0
7,0,0,0.57470703125,2025-01-26 22:00:00,CHFJPY,15.0,None,1.0
7,0,0,0.56494140625,2025-01-26 22:00:00,EURUSD,5.0,5.0,2.0
7,0,0,0.61328125,2025-01-26 22:00:00,USDJPY,13.0,None,4.0
7,0,0,0.513671875,2025-01-26 22:00:00,USDMXN,4.0,4.0,1.0
7,0,0,0.5478515625,2025-01-26 23:00:00,AUDUSD,7.0,4.0,7.0
7,0,0,0.578125,2025-01-26 23:00:00,CHFJPY,3.0,2.0,3.0
7,0,0,0.60498046875,2025-01-26 23:00:00,EURUSD,1.0,1.0,1.0
7,0,0,0.611328125,2025-01-26 23:00:00,USDJPY,3.0,1.0,3.0
7,0,0,0.54541015625,2025-01-26 23:00:00,USDMXN,1.0,1.0,1.0
7,0,0,0.69970703125,2025-01-27 00:00:00,AUDUSD,3.0,3.0,1.0
7,0,0,0.5,2025-01-27 00:00:00,CHFJPY,3.0,3.0,1.0
7,0,0,0.50439453125,2025-01-27 00:00:00,EURUSD,6.0,6.0,1.0
7,0,0,0.66015625,2025-01-27 00:00:00,USDJPY,11.0,None,1.0
7,0,0,0.55859375,2025-01-27 00:00:00,USDMXN,2.0,2.0,1.0
7,0,0,0.46875,2025-01-27 01:00:00,AUDUSD,5.0,2.0,5.0
7,0,0,0.50048828125,2025-01-27 01:00:00,CHFJPY,1.0,1.0,1.0
7,0,0,0.5244140625,2025-01-27 01:00:00,EURUSD,4.0,2.0,4.0
7,0,0,0.66748046875,2025-01-27 01:00:00,USDJPY,17.0,17.0,2.0
7,0,0,0.5595703125,2025-01-27 01:00:00,USDMXN,3.0,1.0,3.0
7,0,0,0.4228515625,2025-01-27 02:00:00,AUDUSD,3.0,1.0,3.0
7,0,0,0.57763671875,2025-01-27 02:00:00,CHFJPY,13.0,13.0,2.0
7,0,0,0.461181640625,2025-01-27 02:00:00,EURUSD,8.0,8.0,3.0
7,0,0,0.6240234375,2025-01-27 02:00:00,USDJPY,14.0,14.0,8.0
7,0,0,0.541015625,2025-01-27 02:00:00,USDMXN,3.0,3.0,2.0
7,0,0,0.52001953125,2025-01-27 03:00:00,AUDUSD,6.0,6.0,3.0
7,0,0,0.409423828125,2025-01-27 03:00:00,CHFJPY,12.0,12.0,1.0
7,0,0,0.459228515625,2025-01-27 03:00:00,EURUSD,5.0,5.0,2.0
7,0,0,0.56201171875,2025-01-27 03:00:00,USDJPY,13.0,13.0,8.0
7,0,0,0.49609375,2025-01-27 03:00:00,USDMXN,2.0,2.0,1.0
7,1,1,0.402587890625,2025-01-27 04:00:00,AUDUSD,2.0,None,1.0
7,0,0,0.619140625,2025-01-27 04:00:00,CHFJPY,65.0,10.0,None
7,0,2,0.469482421875,2025-01-27 04:00:00,EURUSD,4.0,2.0,None
7,0,0,0.45703125,2025-01-27 04:00:00,USDJPY,12.0,12.0,7.0
7,0,0,0.468505859375,2025-01-27 04:00:00,USDMXN,16.0,4.0,None
7,1,0,0.4326171875,2025-01-27 05:00:00,AUDUSD,4.0,4.0,1.0
7,0,0,0.521484375,2025-01-27 05:00:00,CHFJPY,26.0,9.0,None
7,1,0,0.4443359375,2025-01-27 05:00:00,EURUSD,10.0,3.0,10.0
7,0,0,0.474609375,2025-01-27 05:00:00,USDJPY,11.0,11.0,6.0
7,1,0,0.447021484375,2025-01-27 05:00:00,USDMXN,15.0,3.0,None
7,0,0,0.3798828125,2025-01-27 06:00:00,AUDUSD,17.0,17.0,2.0
7,1,0,0.36572265625,2025-01-27 06:00:00,CHFJPY,8.0,8.0,5.0
7,1,0,0.453857421875,2025-01-27 06:00:00,EURUSD,9.0,4.0,9.0
7,1,0,0.607421875,2025-01-27 06:00:00,USDJPY,4.0,1.0,4.0
7,1,0,0.4755859375,2025-01-27 06:00:00,USDMXN,3.0,2.0,3.0
7,1,0,0.346435546875,2025-01-27 07:00:00,AUDUSD,5.0,5.0,1.0
7,1,0,0.380615234375,2025-01-27 07:00:00,CHFJPY,7.0,7.0,5.0
7,1,0,0.45458984375,2025-01-27 07:00:00,EURUSD,8.0,5.0,8.0
7,1,0,0.599609375,2025-01-27 07:00:00,USDJPY,4.0,4.0,4.0
7,1,0,0.5107421875,2025-01-27 07:00:00,USDMXN,2.0,1.0,2.0
7,2,0,0.340576171875,2025-01-27 08:00:00,AUDUSD,86.0,None,5.0
7,1,0,0.37841796875,2025-01-27 08:00:00,CHFJPY,6.0,6.0,3.0
7,1,1,0.44921875,2025-01-27 08:00:00,EURUSD,10.0,None,7.0
7,1,0,0.57080078125,2025-01-27 08:00:00,USDJPY,3.0,3.0,2.0
7,1,2,0.447998046875,2025-01-27 08:00:00,USDMXN,5.0,3.0,None
7,2,0,0.378662109375,2025-01-27 09:00:00,AUDUSD,61.0,None,4.0
7,2,0,0.43798828125,2025-01-27 09:00:00,CHFJPY,5.0,5.0,2.0
7,1,0,0.480224609375,2025-01-27 09:00:00,EURUSD,6.0,2.0,6.0
7,1,0,0.490234375,2025-01-27 09:00:00,USDJPY,2.0,2.0,1.0
7,1,0,0.49462890625,2025-01-27 09:00:00,USDMXN,8.0,4.0,8.0
7,2,0,0.40625,2025-01-27 10:00:00,AUDUSD,13.0,13.0,1.0
7,2,0,0.470947265625,2025-01-27 10:00:00,CHFJPY,3.0,2.0,3.0
7,1,1,0.428955078125,2025-01-27 10:00:00,EURUSD,5.0,None,1.0
7,1,1,0.49951171875,2025-01-27 10:00:00,USDJPY,3.0,None,1.0
7,1,0,0.529296875,2025-01-27 10:00:00,USDMXN,7.0,3.0,7.0
7,2,0,0.378662109375,2025-01-27 11:00:00,AUDUSD,15.0,15.0,1.0
7,2,0,0.5009765625,2025-01-27 11:00:00,CHFJPY,3.0,3.0,1.0
7,1,1,0.46630859375,2025-01-27 11:00:00,EURUSD,7.0,None,4.0
7,2,0,0.51025390625,2025-01-27 11:00:00,USDJPY,3.0,3.0,2.0
7,1,0,0.52197265625,2025-01-27 11:00:00,USDMXN,6.0,2.0,6.0
7,2,0,0.3603515625,2025-01-27 12:00:00,AUDUSD,3.0,3.0,1.0
7,2,0,0.399658203125,2025-01-27 12:00:00,CHFJPY,2.0,2.0,1.0
7,1,1,0.53662109375,2025-01-27 12:00:00,EURUSD,6.0,None,3.0
7,2,0,0.6005859375,2025-01-27 12:00:00,USDJPY,2.0,2.0,1.0
7,1,0,0.5283203125,2025-01-27 12:00:00,USDMXN,4.0,1.0,4.0
7,2,0,0.363525390625,2025-01-27 13:00:00,AUDUSD,37.0,2.0,37.0
7,2,0,0.4609375,2025-01-27 13:00:00,CHFJPY,7.0,2.0,7.0
7,1,1,0.53662109375,2025-01-27 13:00:00,EURUSD,5.0,None,2.0
7,2,0,0.63671875,2025-01-27 13:00:00,USDJPY,3.0,3.0,1.0
7,1,0,0.54638671875,2025-01-27 13:00:00,USDMXN,5.0,5.0,1.0
7,2,0,0.37353515625,2025-01-27 14:00:00,AUDUSD,32.0,9.0,32.0
7,2,0,0.44482421875,2025-01-27 14:00:00,CHFJPY,17.0,17.0,6.0
7,1,1,0.5390625,2025-01-27 14:00:00,EURUSD,4.0,None,1.0
7,2,2,0.6044921875,2025-01-27 14:00:00,USDJPY,7.0,2.0,None
7,1,0,0.5107421875,2025-01-27 14:00:00,USDMXN,5.0,5.0,1.0
7,0,0,0.380126953125,2025-01-27 15:00:00,AUDUSD,35.0,8.0,35.0
7,2,0,0.49755859375,2025-01-27 15:00:00,CHFJPY,14.0,14.0,5.0
7,1,0,0.53076171875,2025-01-27 15:00:00,EURUSD,7.0,7.0,3.0
7,2,2,0.62109375,2025-01-27 15:00:00,USDJPY,6.0,1.0,None
7,1,0,0.4169921875,2025-01-27 15:00:00,USDMXN,3.0,3.0,2.0
7,0,0,0.42236328125,2025-01-27 16:00:00,AUDUSD,16.0,10.0,16.0
7,2,0,0.482421875,2025-01-27 16:00:00,CHFJPY,7.0,7.0,4.0
7,1,1,0.509765625,2025-01-27 16:00:00,EURUSD,11.0,None,2.0
7,2,0,0.55908203125,2025-01-27 16:00:00,USDJPY,8.0,5.0,8.0
7,1,2,0.40185546875,2025-01-27 16:00:00,USDMXN,4.0,2.0,None
7,0,0,0.425537109375,2025-01-27 17:00:00,AUDUSD,48.0,None,14.0
7,2,0,0.475830078125,2025-01-27 17:00:00,CHFJPY,6.0,6.0,3.0
7,1,1,0.482666015625,2025-01-27 17:00:00,EURUSD,10.0,None,1.0
7,2,0,0.556640625,2025-01-27 17:00:00,USDJPY,4.0,4.0,1.0
7,1,0,0.482666015625,2025-01-27 17:00:00,USDMXN,3.0,3.0,1.0
7,0,0,0.400146484375,2025-01-27 18:00:00,AUDUSD,13.0,8.0,13.0
7,0,0,0.40625,2025-01-27 18:00:00,CHFJPY,5.0,5.0,2.0
7,1,0,0.439453125,2025-01-27 18:00:00,EURUSD,9.0,4.0,9.0
7,2,1,0.499755859375,2025-01-27 18:00:00,USDJPY,7.0,None,1.0
7,0,0,0.365478515625,2025-01-27 18:00:00,USDMXN,15.0,2.0,15.0
7,0,0,0.373291015625,2025-01-27 19:00:00,AUDUSD,9.0,4.0,9.0
7,0,0,0.4609375,2025-01-27 19:00:00,CHFJPY,1.0,1.0,1.0
7,1,0,0.419921875,2025-01-27 19:00:00,EURUSD,4.0,3.0,4.0
7,2,1,0.443115234375,2025-01-27 19:00:00,USDJPY,6.0,None,3.0
7,0,0,0.41650390625,2025-01-27 19:00:00,USDMXN,13.0,1.0,13.0
7,2,0,0.375732421875,2025-01-27 20:00:00,AUDUSD,8.0,3.0,8.0
7,0,0,0.499267578125,2025-01-27 20:00:00,CHFJPY,13.0,3.0,13.0
7,1,0,0.38671875,2025-01-27 20:00:00,EURUSD,3.0,2.0,3.0
7,0,1,0.462158203125,2025-01-27 20:00:00,USDJPY,4.0,None,1.0
7,0,0,0.460205078125,2025-01-27 20:00:00,USDMXN,12.0,10.0,12.0
7,0,0,0.37744140625,2025-01-27 21:00:00,AUDUSD,7.0,2.0,7.0
7,0,0,0.52197265625,2025-01-27 21:00:00,CHFJPY,12.0,2.0,12.0
7,0,0,0.40966796875,2025-01-27 21:00:00,EURUSD,1.0,1.0,1.0
7,0,0,0.60205078125,2025-01-27 21:00:00,USDJPY,50.0,None,4.0
7,0,0,0.50048828125,2025-01-27 21:00:00,USDMXN,11.0,9.0,11.0
7,0,0,0.4560546875,2025-01-27 22:00:00,AUDUSD,6.0,4.0,6.0
7,0,0,0.52490234375,2025-01-27 22:00:00,CHFJPY,1.0,1.0,1.0
7,0,1,0.5791015625,2025-01-27 22:00:00,EURUSD,8.0,None,5.0
7,0,0,0.625,2025-01-27 22:00:00,USDJPY,47.0,None,3.0
7,0,0,0.513671875,2025-01-27 22:00:00,USDMXN,9.0,8.0,9.0
7,0,0,0.46875,2025-01-27 23:00:00,AUDUSD,4.0,1.0,4.0
7,0,0,0.52392578125,2025-01-27 23:00:00,CHFJPY,4.0,4.0,3.0
7,0,0,0.599609375,2025-01-27 23:00:00,EURUSD,11.0,None,5.0
7,0,0,0.63818359375,2025-01-27 23:00:00,USDJPY,25.0,None,2.0
7,0,0,0.53466796875,2025-01-27 23:00:00,USDMXN,8.0,1.0,8.0
7,0,0,0.472900390625,2025-01-28 00:00:00,AUDUSD,2.0,2.0,1.0
7,0,0,0.50341796875,2025-01-28 00:00:00,CHFJPY,5.0,5.0,1.0
7,0,0,0.583984375,2025-01-28 00:00:00,EURUSD,10.0,None,1.0
7,0,0,0.69482421875,2025-01-28 00:00:00,USDJPY,14.0,14.0,1.0
7,0,0,0.5166015625,2025-01-28 00:00:00,USDMXN,6.0,6.0,1.0
7,0,0,0.455810546875,2025-01-28 01:00:00,AUDUSD,3.0,1.0,3.0
7,0,0,0.4736328125,2025-01-28 01:00:00,CHFJPY,8.0,3.0,8.0
7,0,0,0.58837890625,2025-01-28 01:00:00,EURUSD,9.0,None,5.0
7,0,0,0.6669921875,2025-01-28 01:00:00,USDJPY,23.0,7.0,23.0
7,0,0,0.5302734375,2025-01-28 01:00:00,USDMXN,6.0,5.0,6.0
7,0,0,0.447265625,2025-01-28 02:00:00,AUDUSD,2.0,1.0,2.0
7,0,0,0.56982421875,2025-01-28 02:00:00,CHFJPY,6.0,5.0,6.0
7,0,1,0.56494140625,2025-01-28 02:00:00,EURUSD,4.0,None,2.0
7,0,0,0.57958984375,2025-01-28 02:00:00,USDJPY,6.0,6.0,5.0
7,0,0,0.53076171875,2025-01-28 02:00:00,USDMXN,5.0,4.0,5.0
7,0,0,0.41552734375,2025-01-28 03:00:00,AUDUSD,5.0,5.0,1.0
7,0,0,0.419189453125,2025-01-28 03:00:00,CHFJPY,13.0,None,4.0
7,0,1,0.51904296875,2025-01-28 03:00:00,EURUSD,4.0,None,1.0
7,0,0,0.53125,2025-01-28 03:00:00,USDJPY,21.0,4.0,21.0
7,0,0,0.5029296875,2025-01-28 03:00:00,USDMXN,4.0,3.0,4.0
7,1,0,0.42236328125,2025-01-28 04:00:00,AUDUSD,3.0,2.0,3.0
7,1,0,0.39794921875,2025-01-28 04:00:00,CHFJPY,3.0,3.0,3.0
7,0,1,0.4638671875,2025-01-28 04:00:00,EURUSD,6.0,None,1.0
7,0,0,0.458251953125,2025-01-28 04:00:00,USDJPY,20.0,3.0,20.0
7,0,0,0.4599609375,2025-01-28 04:00:00,USDMXN,3.0,2.0,3.0
7,1,0,0.41259765625,2025-01-28 05:00:00,AUDUSD,3.0,3.0,2.0
7,0,0,0.3623046875,2025-01-28 05:00:00,CHFJPY,2.0,2.0,2.0
7,0,0,0.433349609375,2025-01-28 05:00:00,EURUSD,2.0,2.0,2.0
7,1,0,0.62158203125,2025-01-28 05:00:00,USDJPY,2.0,2.0,1.0
7,0,0,0.4150390625,2025-01-28 05:00:00,USDMXN,2.0,1.0,2.0
7,1,0,0.41015625,2025-01-28 06:00:00,AUDUSD,2.0,2.0,1.0
7,2,0,0.346923828125,2025-01-28 06:00:00,CHFJPY,1.0,1.0,1.0
7,1,1,0.40185546875,2025-01-28 06:00:00,EURUSD,5.0,None,4.0
7,1,0,0.591796875,2025-01-28 06:00:00,USDJPY,1.0,1.0,1.0
7,0,0,0.435302734375,2025-01-28 06:00:00,USDMXN,2.0,2.0,1.0
7,1,0,0.410400390625,2025-01-28 07:00:00,AUDUSD,15.0,1.0,15.0
7,0,0,0.435302734375,2025-01-28 07:00:00,CHFJPY,16.0,16.0,2.0
7,1,0,0.397216796875,2025-01-28 07:00:00,EURUSD,4.0,2.0,4.0
7,1,0,0.55859375,2025-01-28 07:00:00,USDJPY,7.0,7.0,1.0
7,1,0,0.43994140625,2025-01-28 07:00:00,USDMXN,1.0,1.0,1.0
7,2,0,0.359619140625,2025-01-28 08:00:00,AUDUSD,14.0,7.0,14.0
7,2,0,0.405029296875,2025-01-28 08:00:00,CHFJPY,14.0,14.0,11.0
7,1,0,0.445556640625,2025-01-28 08:00:00,EURUSD,3.0,1.0,3.0
7,1,0,0.483642578125,2025-01-28 08:00:00,USDJPY,16.0,None,4.0
7,0,0,0.51953125,2025-01-28 08:00:00,USDMXN,7.0,2.0,7.0
7,2,0,0.378662109375,2025-01-28 09:00:00,AUDUSD,27.0,6.0,27.0
7,2,0,0.43408203125,2025-01-28 09:00:00,CHFJPY,14.0,14.0,7.0
7,1,0,0.462158203125,2025-01-28 09:00:00,EURUSD,21.0,21.0,2.0
7,1,0,0.383544921875,2025-01-28 09:00:00,USDJPY,36.0,None,3.0
7,0,0,0.3955078125,2025-01-28 09:00:00,USDMXN,22.0,22.0,6.0
7,2,0,0.37353515625,2025-01-28 10:00:00,AUDUSD,26.0,3.0,26.0
7,2,0,0.4384765625,2025-01-28 10:00:00,CHFJPY,13.0,13.0,6.0
7,1,0,0.498779296875,2025-01-28 10:00:00,EURUSD,20.0,20.0,1.0
7,2,0,0.5009765625,2025-01-28 10:00:00,USDJPY,37.0,None,2.0
7,0,0,0.405517578125,2025-01-28 10:00:00,USDMXN,19.0,19.0,6.0
7,1,0,0.360595703125,2025-01-28 11:00:00,AUDUSD,25.0,2.0,25.0
7,2,1,0.4921875,2025-01-28 11:00:00,CHFJPY,8.0,None,2.0
7,1,0,0.52783203125,2025-01-28 11:00:00,EURUSD,69.0,16.0,69.0
7,2,0,0.63232421875,2025-01-28 11:00:00,USDJPY,3.0,3.0,1.0
7,1,0,0.37255859375,2025-01-28 11:00:00,USDMXN,20.0,20.0,4.0
7,0,0,0.355712890625,2025-01-28 12:00:00,AUDUSD,3.0,1.0,3.0
7,2,0,0.52197265625,2025-01-28 12:00:00,CHFJPY,4.0,4.0,3.0
7,1,0,0.493896484375,2025-01-28 12:00:00,EURUSD,110.0,None,68.0
7,2,0,0.69189453125,2025-01-28 12:00:00,USDJPY,3.0,2.0,3.0
7,0,1,0.37158203125,2025-01-28 12:00:00,USDMXN,6.0,None,3.0
7,0,0,0.361328125,2025-01-28 13:00:00,AUDUSD,2.0,1.0,2.0
7,2,0,0.5263671875,2025-01-28 13:00:00,CHFJPY,3.0,3.0,3.0
7,1,0,0.4775390625,2025-01-28 13:00:00,EURUSD,17.0,17.0,4.0
7,2,0,0.70556640625,2025-01-28 13:00:00,USDJPY,2.0,1.0,2.0
7,1,0,0.447021484375,2025-01-28 13:00:00,USDMXN,2.0,2.0,2.0
7,2,0,0.369873046875,2025-01-28 14:00:00,AUDUSD,3.0,1.0,3.0
7,2,0,0.5458984375,2025-01-28 14:00:00,CHFJPY,2.0,2.0,2.0
7,1,0,0.52197265625,2025-01-28 14:00:00,EURUSD,66.0,14.0,66.0
7,2,0,0.701171875,2025-01-28 14:00:00,USDJPY,10.0,1.0,10.0
7,1,0,0.427978515625,2025-01-28 14:00:00,USDMXN,1.0,1.0,1.0
7,2,0,0.37744140625,2025-01-28 15:00:00,AUDUSD,21.0,9.0,21.0
7,2,0,0.442626953125,2025-01-28 15:00:00,CHFJPY,1.0,1.0,1.0
7,1,0,0.53125,2025-01-28 15:00:00,EURUSD,65.0,10.0,65.0
7,2,0,0.63916015625,2025-01-28 15:00:00,USDJPY,32.0,None,9.0
7,1,0,0.410400390625,2025-01-28 15:00:00,USDMXN,6.0,6.0,3.0
7,2,0,0.397216796875,2025-01-28 16:00:00,AUDUSD,10.0,6.0,10.0
7,2,0,0.51318359375,2025-01-28 16:00:00,CHFJPY,3.0,1.0,3.0
7,1,0,0.51611328125,2025-01-28 16:00:00,EURUSD,4.0,4.0,1.0
7,2,0,0.60400390625,2025-01-28 16:00:00,USDJPY,31.0,None,8.0
7,1,0,0.39697265625,2025-01-28 16:00:00,USDMXN,7.0,7.0,2.0
7,2,0,0.40283203125,2025-01-28 17:00:00,AUDUSD,19.0,5.0,19.0
7,2,0,0.47021484375,2025-01-28 17:00:00,CHFJPY,2.0,2.0,2.0
7,1,0,0.40283203125,2025-01-28 17:00:00,EURUSD,10.0,10.0,5.0
7,2,0,0.5791015625,2025-01-28 17:00:00,USDJPY,30.0,None,7.0
7,0,2,0.3662109375,2025-01-28 17:00:00,USDMXN,12.0,5.0,None
7,2,0,0.43212890625,2025-01-28 18:00:00,AUDUSD,18.0,4.0,18.0
7,2,0,0.42724609375,2025-01-28 18:00:00,CHFJPY,1.0,1.0,1.0
7,1,0,0.4033203125,2025-01-28 18:00:00,EURUSD,7.0,7.0,4.0
7,2,0,0.51611328125,2025-01-28 18:00:00,USDJPY,29.0,None,6.0
7,0,0,0.36767578125,2025-01-28 18:00:00,USDMXN,14.0,6.0,None
7,2,0,0.419189453125,2025-01-28 19:00:00,AUDUSD,3.0,3.0,3.0
7,0,0,0.55419921875,2025-01-28 19:00:00,CHFJPY,47.0,4.0,None
7,1,0,0.40869140625,2025-01-28 19:00:00,EURUSD,6.0,6.0,3.0
7,0,0,0.42138671875,2025-01-28 19:00:00,USDJPY,4.0,1.0,4.0
7,1,2,0.413818359375,2025-01-28 19:00:00,USDMXN,10.0,4.0,None
7,2,0,0.378173828125,2025-01-28 20:00:00,AUDUSD,2.0,2.0,2.0
7,0,0,0.60009765625,2025-01-28 20:00:00,CHFJPY,26.0,3.0,None
7,0,0,0.447509765625,2025-01-28 20:00:00,EURUSD,5.0,5.0,3.0
7,0,1,0.4609375,2025-01-28 20:00:00,USDJPY,4.0,None,3.0
7,0,0,0.4248046875,2025-01-28 20:00:00,USDMXN,8.0,4.0,8.0
7,0,0,0.41455078125,2025-01-28 21:00:00,AUDUSD,1.0,1.0,1.0
7,0,0,0.61376953125,2025-01-28 21:00:00,CHFJPY,19.0,19.0,3.0
7,0,0,0.481689453125,2025-01-28 21:00:00,EURUSD,4.0,4.0,2.0
7,0,0,0.419189453125,2025-01-28 21:00:00,USDJPY,2.0,1.0,2.0
7,0,0,0.472412109375,2025-01-28 21:00:00,USDMXN,4.0,3.0,4.0
7,0,0,0.458251953125,2025-01-28 22:00:00,AUDUSD,3.0,2.0,3.0
7,0,0,0.6298828125,2025-01-28 22:00:00,CHFJPY,23.0,23.0,2.0
7,0,0,0.482421875,2025-01-28 22:00:00,EURUSD,3.0,3.0,1.0
7,0,1,0.515625,2025-01-28 22:00:00,USDJPY,2.0,None,1.0
7,0,0,0.51708984375,2025-01-28 22:00:00,USDMXN,3.0,2.0,3.0
7,0,0,0.453125,2025-01-28 23:00:00,AUDUSD,2.0,1.0,2.0
7,0,0,0.49755859375,2025-01-28 23:00:00,CHFJPY,1.0,1.0,1.0
7,0,0,0.476318359375,2025-01-28 23:00:00,EURUSD,17.0,4.0,17.0
7,0,0,0.69287109375,2025-01-28 23:00:00,USDJPY,2.0,2.0,1.0
7,0,0,0.546875,2025-01-28 23:00:00,USDMXN,2.0,1.0,2.0
7,0,0,0.448974609375,2025-01-29 00:00:00,AUDUSD,2.0,2.0,1.0
7,0,0,0.62646484375,2025-01-29 00:00:00,CHFJPY,21.0,21.0,1.0
7,0,0,0.50341796875,2025-01-29 00:00:00,EURUSD,4.0,4.0,1.0
7,0,0,0.61669921875,2025-01-29 00:00:00,USDJPY,23.0,None,1.0
7,0,0,0.5576171875,2025-01-29 00:00:00,USDMXN,1.0,1.0,1.0
7,0,0,0.6904296875,2025-01-29 01:00:00,AUDUSD,16.0,1.0,16.0
7,0,0,0.685546875,2025-01-29 01:00:00,CHFJPY,63.0,15.0,None
7,0,0,0.482666015625,2025-01-29 01:00:00,EURUSD,55.0,None,7.0
7,0,0,0.64453125,2025-01-29 01:00:00,USDJPY,48.0,None,20.0
7,0,0,0.556640625,2025-01-29 01:00:00,USDMXN,2.0,1.0,2.0
7,0,0,0.55126953125,2025-01-29 02:00:00,AUDUSD,44.0,None,10.0
7,0,0,0.65966796875,2025-01-29 02:00:00,CHFJPY,40.0,9.0,None
7,0,0,0.46142578125,2025-01-29 02:00:00,EURUSD,54.0,None,6.0
7,0,0,0.515625,2025-01-29 02:00:00,USDJPY,21.0,None,19.0
7,0,0,0.60107421875,2025-01-29 02:00:00,USDMXN,3.0,3.0,2.0
7,0,0,0.49853515625,2025-01-29 03:00:00,AUDUSD,43.0,None,9.0
7,0,0,0.61376953125,2025-01-29 03:00:00,CHFJPY,8.0,8.0,5.0
7,0,1,0.41259765625,2025-01-29 03:00:00,EURUSD,5.0,None,1.0
7,0,0,0.431640625,2025-01-29 03:00:00,USDJPY,20.0,None,3.0
7,0,0,0.61181640625,2025-01-29 03:00:00,USDMXN,60.0,2.0,None
7,0,0,0.5048828125,2025-01-29 04:00:00,AUDUSD,42.0,None,8.0
7,1,0,0.419677734375,2025-01-29 04:00:00,CHFJPY,7.0,7.0,1.0
7,1,1,0.41748046875,2025-01-29 04:00:00,EURUSD,12.0,None,2.0
7,0,0,0.50830078125,2025-01-29 04:00:00,USDJPY,17.0,1.0,17.0
7,0,0,0.56640625,2025-01-29 04:00:00,USDMXN,35.0,3.0,35.0
7,0,0,0.51953125,2025-01-29 05:00:00,AUDUSD,17.0,None,7.0
7,1,0,0.350341796875,2025-01-29 05:00:00,CHFJPY,3.0,2.0,3.0
7,1,0,0.400390625,2025-01-29 05:00:00,EURUSD,1.0,1.0,1.0
7,0,0,0.4833984375,2025-01-29 05:00:00,USDJPY,18.0,7.0,18.0
7,0,0,0.5380859375,2025-01-29 05:00:00,USDMXN,34.0,3.0,34.0
7,0,0,0.497802734375,2025-01-29 06:00:00,AUDUSD,8.0,8.0,6.0
7,2,0,0.348388671875,2025-01-29 06:00:00,CHFJPY,1.0,1.0,1.0
7,0,0,0.40234375,2025-01-29 06:00:00,EURUSD,31.0,31.0,10.0
7,1,0,0.413330078125,2025-01-29 06:00:00,USDJPY,17.0,4.0,17.0
7,0,0,0.49365234375,2025-01-29 06:00:00,USDMXN,57.0,57.0,5.0
7,1,0,0.408203125,2025-01-29 07:00:00,AUDUSD,5.0,4.0,5.0
7,2,0,0.385009765625,2025-01-29 07:00:00,CHFJPY,4.0,4.0,1.0
7,1,0,0.414794921875,2025-01-29 07:00:00,EURUSD,9.0,5.0,9.0
7,1,0,0.46044921875,2025-01-29 07:00:00,USDJPY,16.0,5.0,16.0
7,0,0,0.446044921875,2025-01-29 07:00:00,USDMXN,56.0,56.0,4.0
7,2,0,0.38232421875,2025-01-29 08:00:00,AUDUSD,4.0,3.0,4.0
7,2,0,0.34375,2025-01-29 08:00:00,CHFJPY,14.0,3.0,None
7,1,0,0.454833984375,2025-01-29 08:00:00,EURUSD,8.0,4.0,8.0
7,1,0,0.450927734375,2025-01-29 08:00:00,USDJPY,13.0,1.0,13.0
7,0,0,0.4423828125,2025-01-29 08:00:00,USDMXN,13.0,13.0,4.0
7,2,0,0.39599609375,2025-01-29 09:00:00,AUDUSD,3.0,2.0,3.0
7,2,0,0.356689453125,2025-01-29 09:00:00,CHFJPY,33.0,7.0,None
7,1,0,0.4599609375,2025-01-29 09:00:00,EURUSD,7.0,3.0,7.0
7,1,0,0.58056640625,2025-01-29 09:00:00,USDJPY,11.0,5.0,11.0
7,0,0,0.43310546875,2025-01-29 09:00:00,USDMXN,2.0,1.0,2.0
7,2,0,0.365966796875,2025-01-29 10:00:00,AUDUSD,2.0,1.0,2.0
7,2,0,0.437744140625,2025-01-29 10:00:00,CHFJPY,32.0,6.0,None
7,1,0,0.4287109375,2025-01-29 10:00:00,EURUSD,17.0,None,4.0
7,2,0,0.419189453125,2025-01-29 10:00:00,USDJPY,10.0,4.0,10.0
7,0,0,0.389404296875,2025-01-29 10:00:00,USDMXN,10.0,10.0,1.0
7,1,0,0.359130859375,2025-01-29 11:00:00,AUDUSD,1.0,1.0,1.0
7,2,0,0.426025390625,2025-01-29 11:00:00,CHFJPY,5.0,5.0,1.0
7,1,1,0.4365234375,2025-01-29 11:00:00,EURUSD,5.0,None,3.0
7,2,0,0.421875,2025-01-29 11:00:00,USDJPY,9.0,3.0,9.0
7,0,0,0.426025390625,2025-01-29 11:00:00,USDMXN,9.0,9.0,5.0
7,0,0,0.353515625,2025-01-29 12:00:00,AUDUSD,2.0,2.0,2.0
7,2,0,0.450439453125,2025-01-29 12:00:00,CHFJPY,30.0,4.0,None
7,1,0,0.51318359375,2025-01-29 12:00:00,EURUSD,25.0,25.0,4.0
7,2,0,0.51513671875,2025-01-29 12:00:00,USDJPY,8.0,2.0,8.0
7,1,0,0.362548828125,2025-01-29 12:00:00,USDMXN,8.0,8.0,4.0
7,0,0,0.36083984375,2025-01-29 13:00:00,AUDUSD,1.0,1.0,1.0
7,2,0,0.475341796875,2025-01-29 13:00:00,CHFJPY,3.0,3.0,1.0
7,1,0,0.5390625,2025-01-29 13:00:00,EURUSD,2.0,2.0,1.0
7,2,0,0.65380859375,2025-01-29 13:00:00,USDJPY,7.0,1.0,7.0
7,0,0,0.380615234375,2025-01-29 13:00:00,USDMXN,23.0,5.0,23.0
7,2,0,0.3720703125,2025-01-29 14:00:00,AUDUSD,53.0,53.0,8.0
7,2,2,0.52978515625,2025-01-29 14:00:00,CHFJPY,8.0,2.0,None
7,1,0,0.53662109375,2025-01-29 14:00:00,EURUSD,2.0,1.0,2.0
7,2,0,0.6728515625,2025-01-29 14:00:00,USDJPY,6.0,3.0,6.0
7,1,0,0.431640625,2025-01-29 14:00:00,USDMXN,4.0,4.0,2.0
7,2,0,0.390869140625,2025-01-29 15:00:00,AUDUSD,52.0,52.0,7.0
7,2,0,0.48876953125,2025-01-29 15:00:00,CHFJPY,27.0,1.0,None
7,1,0,0.52978515625,2025-01-29 15:00:00,EURUSD,12.0,4.0,12.0
7,2,0,0.64990234375,2025-01-29 15:00:00,USDJPY,5.0,2.0,5.0
7,1,0,0.41650390625,2025-01-29 15:00:00,USDMXN,1.0,1.0,1.0
7,2,0,0.415283203125,2025-01-29 16:00:00,AUDUSD,12.0,12.0,4.0
7,0,0,0.429931640625,2025-01-29 16:00:00,CHFJPY,21.0,6.0,21.0
7,1,0,0.4921875,2025-01-29 16:00:00,EURUSD,10.0,3.0,10.0
7,2,0,0.66796875,2025-01-29 16:00:00,USDJPY,4.0,1.0,4.0
7,1,0,0.51513671875,2025-01-29 16:00:00,USDMXN,3.0,3.0,1.0
7,2,0,0.43701171875,2025-01-29 17:00:00,AUDUSD,10.0,10.0,5.0
7,0,0,0.4365234375,2025-01-29 17:00:00,CHFJPY,20.0,5.0,20.0
7,1,0,0.40087890625,2025-01-29 17:00:00,EURUSD,48.0,None,3.0
7,2,0,0.5185546875,2025-01-29 17:00:00,USDJPY,4.0,4.0,3.0
7,1,0,0.465576171875,2025-01-29 17:00:00,USDMXN,15.0,3.0,15.0
7,2,0,0.43505859375,2025-01-29 18:00:00,AUDUSD,4.0,3.0,4.0
7,2,0,0.403076171875,2025-01-29 18:00:00,CHFJPY,19.0,3.0,19.0
7,1,0,0.400634765625,2025-01-29 18:00:00,EURUSD,20.0,20.0,2.0
7,2,0,0.52978515625,2025-01-29 18:00:00,USDJPY,3.0,3.0,2.0
7,0,0,0.368408203125,2025-01-29 18:00:00,USDMXN,7.0,3.0,7.0
7,2,0,0.403564453125,2025-01-29 19:00:00,AUDUSD,8.0,8.0,3.0
7,0,0,0.470458984375,2025-01-29 19:00:00,CHFJPY,18.0,3.0,18.0
7,1,0,0.4013671875,2025-01-29 19:00:00,EURUSD,17.0,17.0,6.0
7,2,0,0.4453125,2025-01-29 19:00:00,USDJPY,2.0,2.0,2.0
7,1,0,0.420654296875,2025-01-29 19:00:00,USDMXN,6.0,2.0,6.0
7,2,0,0.354736328125,2025-01-29 20:00:00,AUDUSD,2.0,1.0,2.0
7,0,0,0.50439453125,2025-01-29 20:00:00,CHFJPY,7.0,1.0,7.0
7,0,0,0.386962890625,2025-01-29 20:00:00,EURUSD,16.0,16.0,4.0
7,0,0,0.50048828125,2025-01-29 20:00:00,USDJPY,3.0,1.0,3.0
7,0,0,0.399169921875,2025-01-29 20:00:00,USDMXN,5.0,1.0,5.0
7,0,0,0.374267578125,2025-01-29 21:00:00,AUDUSD,2.0,2.0,1.0
7,0,0,0.51806640625,2025-01-29 21:00:00,CHFJPY,6.0,1.0,6.0
7,0,0,0.43701171875,2025-01-29 21:00:00,EURUSD,15.0,15.0,3.0
7,0,0,0.59423828125,2025-01-29 21:00:00,USDJPY,10.0,10.0,2.0
7,0,0,0.472900390625,2025-01-29 21:00:00,USDMXN,14.0,None,4.0
7,0,0,0.39453125,2025-01-29 22:00:00,AUDUSD,3.0,3.0,1.0
7,0,0,0.52294921875,2025-01-29 22:00:00,CHFJPY,15.0,None,4.0
7,0,0,0.50634765625,2025-01-29 22:00:00,EURUSD,14.0,14.0,2.0
7,0,0,0.63134765625,2025-01-29 22:00:00,USDJPY,7.0,7.0,1.0
7,0,1,0.513671875,2025-01-29 22:00:00,USDMXN,10.0,None,2.0
7,0,0,0.484130859375,2025-01-29 23:00:00,AUDUSD,19.0,4.0,19.0
7,0,0,0.5166015625,2025-01-29 23:00:00,CHFJPY,3.0,3.0,3.0
7,0,0,0.5498046875,2025-01-29 23:00:00,EURUSD,4.0,None,1.0
7,0,0,0.6708984375,2025-01-29 23:00:00,USDJPY,29.0,6.0,29.0
7,0,0,0.5478515625,2025-01-29 23:00:00,USDMXN,2.0,1.0,2.0
7,0,0,0.47119140625,2025-01-30 00:00:00,AUDUSD,4.0,4.0,1.0
7,0,0,0.4970703125,2025-01-30 00:00:00,CHFJPY,12.0,12.0,1.0
7,0,0,0.626953125,2025-01-30 00:00:00,EURUSD,1.0,1.0,1.0
7,0,0,0.650390625,2025-01-30 00:00:00,USDJPY,5.0,5.0,1.0
7,0,0,0.5419921875,2025-01-30 00:00:00,USDMXN,12.0,None,1.0
7,0,0,0.470703125,2025-01-30 01:00:00,AUDUSD,3.0,3.0,3.0
7,0,0,0.489013671875,2025-01-30 01:00:00,CHFJPY,11.0,11.0,1.0
7,0,0,0.62109375,2025-01-30 01:00:00,EURUSD,12.0,7.0,None
7,0,0,0.486083984375,2025-01-30 01:00:00,USDJPY,14.0,14.0,1.0
7,0,0,0.54248046875,2025-01-30 01:00:00,USDMXN,7.0,5.0,7.0
7,0,0,0.435546875,2025-01-30 02:00:00,AUDUSD,2.0,2.0,2.0
7,0,0,0.52685546875,2025-01-30 02:00:00,CHFJPY,10.0,6.0,10.0
7,0,2,0.54443359375,2025-01-30 02:00:00,EURUSD,12.0,6.0,None
7,0,0,0.475830078125,2025-01-30 02:00:00,USDJPY,13.0,13.0,2.0
7,0,0,0.51220703125,2025-01-30 02:00:00,USDMXN,5.0,4.0,5.0
7,0,0,0.406494140625,2025-01-30 03:00:00,AUDUSD,1.0,1.0,1.0
7,0,0,0.4677734375,2025-01-30 03:00:00,CHFJPY,10.0,5.0,10.0
7,0,2,0.48876953125,2025-01-30 03:00:00,EURUSD,11.0,5.0,None
7,0,0,0.43310546875,2025-01-30 03:00:00,USDJPY,12.0,12.0,1.0
7,0,0,0.4931640625,2025-01-30 03:00:00,USDMXN,4.0,3.0,4.0
7,1,0,0.39306640625,2025-01-30 04:00:00,AUDUSD,18.0,None,3.0
7,0,0,0.38330078125,2025-01-30 04:00:00,CHFJPY,9.0,4.0,9.0
7,1,2,0.4287109375,2025-01-30 04:00:00,EURUSD,9.0,4.0,None
7,1,0,0.488525390625,2025-01-30 04:00:00,USDJPY,55.0,55.0,4.0
7,0,0,0.46826171875,2025-01-30 04:00:00,USDMXN,2.0,2.0,2.0
7,1,0,0.4130859375,2025-01-30 05:00:00,AUDUSD,17.0,None,2.0
7,1,0,0.3603515625,2025-01-30 05:00:00,CHFJPY,8.0,3.0,8.0
7,1,2,0.448486328125,2025-01-30 05:00:00,EURUSD,7.0,3.0,None
7,0,0,0.462646484375,2025-01-30 05:00:00,USDJPY,19.0,10.0,19.0
7,1,0,0.446044921875,2025-01-30 05:00:00,USDMXN,1.0,1.0,1.0
7,1,0,0.426513671875,2025-01-30 06:00:00,AUDUSD,3.0,3.0,1.0
7,2,0,0.338134765625,2025-01-30 06:00:00,CHFJPY,7.0,2.0,7.0
7,1,2,0.453369140625,2025-01-30 06:00:00,EURUSD,6.0,2.0,None
7,1,0,0.417724609375,2025-01-30 06:00:00,USDJPY,18.0,1.0,18.0
7,1,0,0.431396484375,2025-01-30 06:00:00,USDMXN,1.0,1.0,1.0
7,1,0,0.367919921875,2025-01-30 07:00:00,AUDUSD,15.0,None,5.0
7,1,0,0.421875,2025-01-30 07:00:00,CHFJPY,5.0,1.0,5.0
7,1,2,0.455078125,2025-01-30 07:00:00,EURUSD,6.0,1.0,None
7,0,0,0.3994140625,2025-01-30 07:00:00,USDJPY,21.0,8.0,21.0
7,1,1,0.44775390625,2025-01-30 07:00:00,USDMXN,8.0,None,4.0
7,1,1,0.3583984375,2025-01-30 08:00:00,AUDUSD,10.0,None,2.0
7,1,0,0.4013671875,2025-01-30 08:00:00,CHFJPY,4.0,1.0,4.0
7,1,2,0.465087890625,2025-01-30 08:00:00,EURUSD,5.0,2.0,None
7,1,0,0.459716796875,2025-01-30 08:00:00,USDJPY,16.0,7.0,16.0
7,0,1,0.42724609375,2025-01-30 08:00:00,USDMXN,7.0,None,2.0
7,2,1,0.4091796875,2025-01-30 09:00:00,AUDUSD,12.0,None,3.0
7,2,0,0.40380859375,2025-01-30 09:00:00,CHFJPY,3.0,3.0,3.0
7,1,2,0.43994140625,2025-01-30 09:00:00,EURUSD,4.0,3.0,None
7,1,0,0.371826171875,2025-01-30 09:00:00,USDJPY,15.0,6.0,15.0
7,0,0,0.4453125,2025-01-30 09:00:00,USDMXN,16.0,16.0,2.0
7,2,1,0.41162109375,2025-01-30 10:00:00,AUDUSD,11.0,None,2.0
7,2,0,0.4755859375,2025-01-30 10:00:00,CHFJPY,2.0,2.0,2.0
7,1,0,0.428466796875,2025-01-30 10:00:00,EURUSD,2.0,2.0,1.0
7,2,0,0.52001953125,2025-01-30 10:00:00,USDJPY,14.0,5.0,14.0
7,0,0,0.4404296875,2025-01-30 10:00:00,USDMXN,10.0,10.0,2.0
7,2,1,0.402099609375,2025-01-30 11:00:00,AUDUSD,10.0,None,1.0
7,2,0,0.498046875,2025-01-30 11:00:00,CHFJPY,1.0,1.0,1.0
7,1,0,0.45947265625,2025-01-30 11:00:00,EURUSD,21.0,1.0,21.0
7,2,0,0.53125,2025-01-30 11:00:00,USDJPY,6.0,4.0,6.0
7,1,0,0.462158203125,2025-01-30 11:00:00,USDMXN,4.0,1.0,4.0
7,1,0,0.361083984375,2025-01-30 12:00:00,AUDUSD,1.0,1.0,1.0
7,2,0,0.51513671875,2025-01-30 12:00:00,CHFJPY,2.0,2.0,1.0
7,1,0,0.43505859375,2025-01-30 12:00:00,EURUSD,20.0,None,11.0
7,2,2,0.447998046875,2025-01-30 12:00:00,USDJPY,3.0,3.0,None
7,0,0,0.35986328125,2025-01-30 12:00:00,USDMXN,8.0,8.0,3.0
7,2,0,0.368408203125,2025-01-30 13:00:00,AUDUSD,8.0,2.0,8.0
7,2,0,0.53759765625,2025-01-30 13:00:00,CHFJPY,2.0,2.0,1.0
7,1,0,0.451171875,2025-01-30 13:00:00,EURUSD,19.0,None,10.0
7,2,0,0.495361328125,2025-01-30 13:00:00,USDJPY,2.0,2.0,2.0
7,1,0,0.439208984375,2025-01-30 13:00:00,USDMXN,7.0,7.0,2.0
7,2,0,0.391845703125,2025-01-30 14:00:00,AUDUSD,7.0,1.0,7.0
7,2,0,0.466064453125,2025-01-30 14:00:00,CHFJPY,4.0,4.0,3.0
7,1,0,0.52734375,2025-01-30 14:00:00,EURUSD,27.0,None,18.0
7,2,0,0.52783203125,2025-01-30 14:00:00,USDJPY,1.0,1.0,1.0
7,1,0,0.462646484375,2025-01-30 14:00:00,USDMXN,6.0,6.0,1.0
7,2,0,0.375732421875,2025-01-30 15:00:00,AUDUSD,8.0,8.0,3.0
7,2,0,0.45166015625,2025-01-30 15:00:00,CHFJPY,25.0,25.0,5.0
7,1,0,0.525390625,2025-01-30 15:00:00,EURUSD,21.0,None,14.0
7,2,0,0.6884765625,2025-01-30 15:00:00,USDJPY,4.0,4.0,4.0
7,1,2,0.410400390625,2025-01-30 15:00:00,USDMXN,8.0,4.0,None
7,2,0,0.39990234375,2025-01-30 16:00:00,AUDUSD,5.0,1.0,5.0
7,2,0,0.472900390625,2025-01-30 16:00:00,CHFJPY,4.0,2.0,4.0
7,1,0,0.480224609375,2025-01-30 16:00:00,EURUSD,8.0,7.0,8.0
7,2,0,0.66796875,2025-01-30 16:00:00,USDJPY,3.0,3.0,3.0
7,1,2,0.396484375,2025-01-30 16:00:00,USDMXN,8.0,3.0,None
7,2,0,0.39306640625,2025-01-30 17:00:00,AUDUSD,4.0,4.0,1.0
7,0,0,0.456787109375,2025-01-30 17:00:00,CHFJPY,23.0,23.0,1.0
7,1,0,0.410888671875,2025-01-30 17:00:00,EURUSD,15.0,None,6.0
7,2,1,0.5986328125,2025-01-30 17:00:00,USDJPY,11.0,None,2.0
7,2,0,0.357177734375,2025-01-30 17:00:00,USDMXN,3.0,3.0,2.0
7,2,0,0.436279296875,2025-01-30 18:00:00,AUDUSD,14.0,3.0,14.0
7,0,0,0.49853515625,2025-01-30 18:00:00,CHFJPY,45.0,21.0,None
7,1,0,0.41064453125,2025-01-30 18:00:00,EURUSD,5.0,5.0,5.0
7,2,0,0.5419921875,2025-01-30 18:00:00,USDJPY,6.0,1.0,6.0
7,1,0,0.449462890625,2025-01-30 18:00:00,USDMXN,2.0,2.0,1.0
7,2,2,0.42333984375,2025-01-30 19:00:00,AUDUSD,10.0,1.0,None
7,0,0,0.57421875,2025-01-30 19:00:00,CHFJPY,20.0,20.0,11.0
7,1,0,0.422119140625,2025-01-30 19:00:00,EURUSD,4.0,4.0,4.0
7,2,0,0.430419921875,2025-01-30 19:00:00,USDJPY,9.0,9.0,6.0
7,1,0,0.445068359375,2025-01-30 19:00:00,USDMXN,3.0,1.0,3.0
7,2,0,0.376220703125,2025-01-30 20:00:00,AUDUSD,12.0,1.0,12.0
7,0,0,0.646484375,2025-01-30 20:00:00,CHFJPY,34.0,19.0,None
7,1,0,0.3857421875,2025-01-30 20:00:00,EURUSD,3.0,3.0,3.0
7,0,0,0.482177734375,2025-01-30 20:00:00,USDJPY,8.0,8.0,4.0
7,0,0,0.424560546875,2025-01-30 20:00:00,USDMXN,4.0,4.0,2.0
7,0,0,0.47314453125,2025-01-30 21:00:00,AUDUSD,2.0,2.0,1.0
7,0,0,0.64599609375,2025-01-30 21:00:00,CHFJPY,33.0,18.0,None
7,0,0,0.41259765625,2025-01-30 21:00:00,EURUSD,2.0,2.0,2.0
7,0,0,0.541015625,2025-01-30 21:00:00,USDJPY,7.0,7.0,3.0
7,0,0,0.51708984375,2025-01-30 21:00:00,USDMXN,16.0,2.0,None
7,0,0,0.50341796875,2025-01-30 22:00:00,AUDUSD,8.0,7.0,8.0
7,0,0,0.5302734375,2025-01-30 22:00:00,CHFJPY,14.0,14.0,8.0
7,0,0,0.4501953125,2025-01-30 22:00:00,EURUSD,1.0,1.0,1.0
7,0,1,0.53515625,2025-01-30 22:00:00,USDJPY,6.0,None,2.0
7,0,0,0.5419921875,2025-01-30 22:00:00,USDMXN,22.0,3.0,None
7,0,0,0.56494140625,2025-01-30 23:00:00,AUDUSD,9.0,6.0,9.0
7,0,0,0.53759765625,2025-01-30 23:00:00,CHFJPY,7.0,1.0,7.0
7,0,0,0.615234375,2025-01-30 23:00:00,EURUSD,6.0,2.0,6.0
7,0,0,0.5009765625,2025-01-30 23:00:00,USDJPY,1.0,1.0,1.0
7,0,0,0.5771484375,2025-01-30 23:00:00,USDMXN,21.0,1.0,None
7,0,0,0.572265625,2025-01-31 00:00:00,AUDUSD,5.0,5.0,1.0
7,0,0,0.5185546875,2025-01-31 00:00:00,CHFJPY,2.0,2.0,1.0
7,0,0,0.5537109375,2025-01-31 00:00:00,EURUSD,8.0,None,1.0
7,0,0,0.6884765625,2025-01-31 00:00:00,USDJPY,4.0,4.0,1.0
7,0,0,0.56298828125,2025-01-31 00:00:00,USDMXN,5.0,5.0,1.0
7,0,0,0.6787109375,2025-01-31 01:00:00,AUDUSD,7.0,4.0,7.0
7,0,0,0.48486328125,2025-01-31 01:00:00,CHFJPY,11.0,11.0,3.0
7,0,0,0.57470703125,2025-01-31 01:00:00,EURUSD,16.0,None,7.0
7,0,0,0.5947265625,2025-01-31 01:00:00,USDJPY,3.0,3.0,3.0
7,0,0,0.5595703125,2025-01-31 01:00:00,USDMXN,4.0,4.0,1.0
7,0,0,0.445068359375,2025-01-31 02:00:00,AUDUSD,5.0,3.0,5.0
7,0,0,0.452880859375,2025-01-31 02:00:00,CHFJPY,10.0,10.0,2.0
7,0,0,0.54248046875,2025-01-31 02:00:00,EURUSD,15.0,None,6.0
7,0,0,0.52001953125,2025-01-31 02:00:00,USDJPY,2.0,2.0,2.0
7,0,0,0.50732421875,2025-01-31 02:00:00,USDMXN,18.0,3.0,None
7,1,0,0.406982421875,2025-01-31 03:00:00,AUDUSD,2.0,2.0,2.0
7,0,0,0.411376953125,2025-01-31 03:00:00,CHFJPY,9.0,9.0,1.0
7,0,0,0.468505859375,2025-01-31 03:00:00,EURUSD,2.0,1.0,2.0
7,0,0,0.449462890625,2025-01-31 03:00:00,USDJPY,1.0,1.0,1.0
7,0,0,0.5029296875,2025-01-31 03:00:00,USDMXN,11.0,9.0,11.0
7,1,0,0.415283203125,2025-01-31 04:00:00,AUDUSD,1.0,1.0,1.0
7,0,0,0.43798828125,2025-01-31 04:00:00,CHFJPY,3.0,3.0,2.0
7,0,0,0.485595703125,2025-01-31 04:00:00,EURUSD,4.0,1.0,4.0
7,1,0,0.497802734375,2025-01-31 04:00:00,USDJPY,9.0,9.0,6.0
7,0,0,0.46826171875,2025-01-31 04:00:00,USDMXN,14.0,14.0,3.0
7,1,2,0.430908203125,2025-01-31 05:00:00,AUDUSD,8.0,6.0,None
7,0,0,0.37158203125,2025-01-31 05:00:00,CHFJPY,2.0,2.0,1.0
7,0,0,0.41796875,2025-01-31 05:00:00,EURUSD,4.0,4.0,3.0
7,1,0,0.5185546875,2025-01-31 05:00:00,USDJPY,8.0,8.0,4.0
7,0,0,0.544921875,2025-01-31 05:00:00,USDMXN,10.0,10.0,9.0
7,1,2,0.42431640625,2025-01-31 06:00:00,AUDUSD,7.0,1.0,None
7,2,2,0.350341796875,2025-01-31 06:00:00,CHFJPY,9.0,1.0,None
7,1,0,0.422607421875,2025-01-31 06:00:00,EURUSD,3.0,3.0,2.0
7,1,0,0.515625,2025-01-31 06:00:00,USDJPY,29.0,7.0,None
7,1,0,0.439208984375,2025-01-31 06:00:00,USDMXN,14.0,4.0,None
7,1,2,0.40087890625,2025-01-31 07:00:00,AUDUSD,6.0,3.0,None
7,1,2,0.384765625,2025-01-31 07:00:00,CHFJPY,8.0,5.0,None
7,1,0,0.3974609375,2025-01-31 07:00:00,EURUSD,2.0,2.0,1.0
7,1,0,0.4873046875,2025-01-31 07:00:00,USDJPY,28.0,14.0,None
7,1,0,0.482421875,2025-01-31 07:00:00,USDMXN,7.0,3.0,7.0
7,0,0,0.3369140625,2025-01-31 08:00:00,AUDUSD,3.0,3.0,1.0
7,1,2,0.392822265625,2025-01-31 08:00:00,CHFJPY,7.0,4.0,None
7,1,1,0.46435546875,2025-01-31 08:00:00,EURUSD,9.0,None,1.0
7,0,0,0.379638671875,2025-01-31 08:00:00,USDJPY,13.0,5.0,None
7,1,0,0.49267578125,2025-01-31 08:00:00,USDMXN,6.0,1.0,6.0
7,2,0,0.357666015625,2025-01-31 09:00:00,AUDUSD,2.0,2.0,2.0
7,2,2,0.37548828125,2025-01-31 09:00:00,CHFJPY,7.0,4.0,None
7,1,1,0.455078125,2025-01-31 09:00:00,EURUSD,12.0,None,3.0
7,2,2,0.383056640625,2025-01-31 09:00:00,USDJPY,12.0,4.0,None
7,1,0,0.5546875,2025-01-31 09:00:00,USDMXN,6.0,6.0,1.0
7,2,0,0.388427734375,2025-01-31 10:00:00,AUDUSD,1.0,1.0,1.0
7,2,0,0.410888671875,2025-01-31 10:00:00,CHFJPY,3.0,3.0,2.0
7,1,0,0.50390625,2025-01-31 10:00:00,EURUSD,40.0,None,7.0
7,2,2,0.4921875,2025-01-31 10:00:00,USDJPY,11.0,3.0,None
7,1,0,0.54736328125,2025-01-31 10:00:00,USDMXN,5.0,5.0,2.0
7,2,0,0.3681640625,2025-01-31 11:00:00,AUDUSD,42.0,2.0,None
7,2,0,0.39990234375,2025-01-31 11:00:00,CHFJPY,1.0,1.0,1.0
7,1,0,0.52783203125,2025-01-31 11:00:00,EURUSD,25.0,25.0,10.0
7,2,2,0.59423828125,2025-01-31 11:00:00,USDJPY,10.0,2.0,None
7,1,0,0.525390625,2025-01-31 11:00:00,USDMXN,4.0,4.0,1.0
7,0,0,0.378662109375,2025-01-31 12:00:00,AUDUSD,3.0,1.0,3.0
7,2,0,0.384521484375,2025-01-31 12:00:00,CHFJPY,15.0,3.0,None
7,1,0,0.5068359375,2025-01-31 12:00:00,EURUSD,24.0,24.0,5.0
7,2,0,0.56640625,2025-01-31 12:00:00,USDJPY,21.0,1.0,None
7,1,0,0.469482421875,2025-01-31 12:00:00,USDMXN,3.0,3.0,2.0
7,2,0,0.367919921875,2025-01-31 13:00:00,AUDUSD,34.0,5.0,None
7,2,0,0.457763671875,2025-01-31 13:00:00,CHFJPY,2.0,2.0,1.0
7,1,1,0.431396484375,2025-01-31 13:00:00,EURUSD,8.0,None,3.0
7,2,0,0.69140625,2025-01-31 13:00:00,USDJPY,20.0,2.0,None
7,1,0,0.430908203125,2025-01-31 13:00:00,USDMXN,1.0,1.0,1.0
7,2,2,0.374755859375,2025-01-31 14:00:00,AUDUSD,8.0,3.0,None
7,2,0,0.484130859375,2025-01-31 14:00:00,CHFJPY,7.0,1.0,7.0
7,1,1,0.47607421875,2025-01-31 14:00:00,EURUSD,7.0,None,2.0
7,2,0,0.6337890625,2025-01-31 14:00:00,USDJPY,21.0,7.0,None
7,1,0,0.513671875,2025-01-31 14:00:00,USDMXN,6.0,6.0,1.0
7,2,2,0.40087890625,2025-01-31 15:00:00,AUDUSD,4.0,2.0,None
7,2,0,0.417724609375,2025-01-31 15:00:00,CHFJPY,15.0,15.0,1.0
7,1,0,0.5302734375,2025-01-31 15:00:00,EURUSD,21.0,21.0,6.0
7,2,0,0.60302734375,2025-01-31 15:00:00,USDJPY,29.0,17.0,None
7,2,0,0.34423828125,2025-01-31 15:00:00,USDMXN,13.0,5.0,13.0
7,0,2,0.379638671875,2025-01-31 16:00:00,AUDUSD,3.0,1.0,None
7,2,0,0.456298828125,2025-01-31 16:00:00,CHFJPY,9.0,9.0,2.0
7,1,0,0.51708984375,2025-01-31 16:00:00,EURUSD,5.0,2.0,5.0
7,2,0,0.60107421875,2025-01-31 16:00:00,USDJPY,19.0,5.0,None
7,2,0,0.35302734375,2025-01-31 16:00:00,USDMXN,4.0,4.0,4.0
7,0,0,0.378662109375,2025-01-31 17:00:00,AUDUSD,5.0,2.0,5.0
7,0,0,0.424560546875,2025-01-31 17:00:00,CHFJPY,22.0,8.0,None
7,1,1,0.406494140625,2025-01-31 17:00:00,EURUSD,10.0,None,2.0
7,2,0,0.54541015625,2025-01-31 17:00:00,USDJPY,4.0,4.0,4.0
7,0,0,0.34326171875,2025-01-31 17:00:00,USDMXN,3.0,3.0,3.0
7,0,0,0.377685546875,2025-01-31 18:00:00,AUDUSD,29.0,1.0,None
7,0,2,0.50048828125,2025-01-31 18:00:00,CHFJPY,12.0,6.0,None
7,1,0,0.460693359375,2025-01-31 18:00:00,EURUSD,18.0,18.0,3.0
7,2,0,0.484130859375,2025-01-31 18:00:00,USDJPY,3.0,3.0,3.0
7,1,0,0.42236328125,2025-01-31 18:00:00,USDMXN,2.0,2.0,2.0
7,0,0,0.4072265625,2025-01-31 19:00:00,AUDUSD,95.0,3.0,95.0
7,0,2,0.427978515625,2025-01-31 19:00:00,CHFJPY,11.0,5.0,None
7,1,0,0.396240234375,2025-01-31 19:00:00,EURUSD,14.0,14.0,8.0
7,2,0,0.529296875,2025-01-31 19:00:00,USDJPY,2.0,1.0,2.0
7,1,0,0.437744140625,2025-01-31 19:00:00,USDMXN,1.0,1.0,1.0
7,0,0,0.432861328125,2025-01-31 20:00:00,AUDUSD,2.0,2.0,2.0
7,0,2,0.472412109375,2025-01-31 20:00:00,CHFJPY,5.0,1.0,None
7,0,0,0.40869140625,2025-01-31 20:00:00,EURUSD,7.0,4.0,7.0
7,0,0,0.4052734375,2025-01-31 20:00:00,USDJPY,1.0,1.0,1.0
7,0,0,0.3984375,2025-01-31 20:00:00,USDMXN,19.0,19.0,8.0
7,0,0,0.46240234375,2025-01-31 21:00:00,AUDUSD,1.0,1.0,1.0
7,0,0,0.5185546875,2025-01-31 21:00:00,CHFJPY,3.0,3.0,2.0
7,0,0,0.4462890625,2025-01-31 21:00:00,EURUSD,6.0,3.0,6.0
7,0,0,0.5107421875,2025-01-31 21:00:00,USDJPY,14.0,14.0,1.0
7,0,0,0.51708984375,2025-01-31 21:00:00,USDMXN,18.0,18.0,6.0
7,0,0,0.50439453125,2025-01-31 22:00:00,AUDUSD,31.0,31.0,10.0
7,0,0,0.52294921875,2025-01-31 22:00:00,CHFJPY,2.0,2.0,1.0
7,0,0,0.51708984375,2025-01-31 22:00:00,EURUSD,1.0,1.0,1.0
7,0,0,0.62451171875,2025-01-31 22:00:00,USDJPY,13.0,8.0,None
7,0,0,0.58203125,2025-01-31 22:00:00,USDMXN,17.0,17.0,6.0
7,0,0,0.54443359375,2025-01-31 23:00:00,AUDUSD,5.0,3.0,5.0
7,0,0,0.52197265625,2025-01-31 23:00:00,CHFJPY,1.0,1.0,1.0
7,0,0,0.476318359375,2025-01-31 23:00:00,EURUSD,10.0,10.0,2.0
7,0,0,0.64599609375,2025-01-31 23:00:00,USDJPY,12.0,7.0,None
7,0,0,0.6689453125,2025-01-31 23:00:00,USDMXN,5.0,1.0,5.0
7,0,0,0.57080078125,2025-02-01 00:00:00,AUDUSD,28.0,28.0,1.0
7,0,0,0.5068359375,2025-02-01 00:00:00,CHFJPY,3.0,3.0,1.0
7,0,0,0.54833984375,2025-02-01 00:00:00,EURUSD,8.0,8.0,1.0
7,0,0,0.64111328125,2025-02-01 00:00:00,USDJPY,6.0,6.0,1.0
7,0,0,0.5205078125,2025-02-01 00:00:00,USDMXN,2.0,2.0,1.0
7,0,0,0.476318359375,2025-02-01 01:00:00,AUDUSD,9.0,None,1.0
7,0,0,0.480712890625,2025-02-01 01:00:00,CHFJPY,18.0,5.0,None
7,0,0,0.541015625,2025-02-01 01:00:00,EURUSD,8.0,8.0,2.0
7,0,0,0.6025390625,2025-02-01 01:00:00,USDJPY,5.0,5.0,4.0
7,0,0,0.54931640625,2025-02-01 01:00:00,USDMXN,2.0,1.0,2.0
7,0,0,0.45947265625,2025-02-01 02:00:00,AUDUSD,6.0,2.0,6.0
7,0,0,0.44970703125,2025-02-01 02:00:00,CHFJPY,17.0,4.0,None
7,0,0,0.52734375,2025-02-01 02:00:00,EURUSD,7.0,7.0,1.0
7,1,0,0.509765625,2025-02-01 02:00:00,USDJPY,3.0,1.0,3.0
7,0,0,0.533203125,2025-02-01 02:00:00,USDMXN,3.0,3.0,2.0
7,1,0,0.407958984375,2025-02-01 03:00:00,AUDUSD,5.0,4.0,5.0
7,0,0,0.5986328125,2025-02-01 03:00:00,CHFJPY,16.0,3.0,None
7,1,0,0.416259765625,2025-02-01 03:00:00,EURUSD,9.0,9.0,4.0
7,1,0,0.49560546875,2025-02-01 03:00:00,USDJPY,2.0,1.0,2.0
7,0,0,0.501953125,2025-02-01 03:00:00,USDMXN,2.0,2.0,1.0
7,1,0,0.402587890625,2025-02-01 04:00:00,AUDUSD,3.0,3.0,3.0
7,0,2,0.43310546875,2025-02-01 04:00:00,CHFJPY,11.0,2.0,None
7,1,0,0.42919921875,2025-02-01 04:00:00,EURUSD,4.0,4.0,2.0
7,1,0,0.452880859375,2025-02-01 04:00:00,USDJPY,2.0,2.0,1.0
7,0,0,0.457275390625,2025-02-01 04:00:00,USDMXN,4.0,1.0,4.0
7,1,0,0.39990234375,2025-02-01 05:00:00,AUDUSD,16.0,16.0,2.0
7,0,2,0.360107421875,2025-02-01 05:00:00,CHFJPY,10.0,1.0,None
7,1,0,0.450439453125,2025-02-01 05:00:00,EURUSD,1.0,1.0,1.0
7,1,2,0.52978515625,2025-02-01 05:00:00,USDJPY,6.0,3.0,None
7,0,0,0.464599609375,2025-02-01 05:00:00,USDMXN,7.0,7.0,7.0
7,1,0,0.39013671875,2025-02-01 06:00:00,AUDUSD,1.0,1.0,1.0
7,2,2,0.3486328125,2025-02-01 06:00:00,CHFJPY,9.0,3.0,None
7,0,0,0.405029296875,2025-02-01 06:00:00,EURUSD,1.0,1.0,1.0
7,1,0,0.5517578125,2025-02-01 06:00:00,USDJPY,28.0,5.0,28.0
7,1,0,0.43017578125,2025-02-01 06:00:00,USDMXN,6.0,2.0,6.0
7,1,0,0.41357421875,2025-02-01 07:00:00,AUDUSD,3.0,1.0,3.0
7,1,2,0.42529296875,2025-02-01 07:00:00,CHFJPY,12.0,3.0,None
7,1,0,0.470947265625,2025-02-01 07:00:00,EURUSD,2.0,2.0,1.0
7,1,0,0.52099609375,2025-02-01 07:00:00,USDJPY,27.0,4.0,27.0
7,1,0,0.482421875,2025-02-01 07:00:00,USDMXN,5.0,1.0,5.0
7,1,0,0.39013671875,2025-02-01 08:00:00,AUDUSD,7.0,7.0,2.0
7,1,2,0.386962890625,2025-02-01 08:00:00,CHFJPY,11.0,2.0,None
7,1,0,0.447998046875,2025-02-01 08:00:00,EURUSD,16.0,4.0,16.0
7,1,0,0.476806640625,2025-02-01 08:00:00,USDJPY,26.0,3.0,26.0
7,1,0,0.52880859375,2025-02-01 08:00:00,USDMXN,3.0,3.0,2.0
7,2,2,0.38134765625,2025-02-01 09:00:00,AUDUSD,12.0,2.0,None
7,1,0,0.376220703125,2025-02-01 09:00:00,CHFJPY,15.0,6.0,None
7,1,0,0.467529296875,2025-02-01 09:00:00,EURUSD,16.0,3.0,16.0
7,1,0,0.411865234375,2025-02-01 09:00:00,USDJPY,25.0,2.0,25.0
7,1,0,0.52099609375,2025-02-01 09:00:00,USDMXN,2.0,2.0,1.0
7,2,0,0.388427734375,2025-02-01 10:00:00,AUDUSD,30.0,5.0,None
7,2,0,0.400146484375,2025-02-01 10:00:00,CHFJPY,5.0,5.0,3.0
7,1,0,0.4892578125,2025-02-01 10:00:00,EURUSD,14.0,2.0,14.0
7,2,0,0.466552734375,2025-02-01 10:00:00,USDJPY,2.0,1.0,2.0
7,1,0,0.5458984375,2025-02-01 10:00:00,USDMXN,2.0,1.0,2.0
7,2,0,0.3857421875,2025-02-01 11:00:00,AUDUSD,4.0,4.0,2.0
7,2,0,0.471435546875,2025-02-01 11:00:00,CHFJPY,4.0,4.0,2.0
7,1,0,0.4287109375,2025-02-01 11:00:00,EURUSD,5.0,1.0,5.0
7,2,0,0.6279296875,2025-02-01 11:00:00,USDJPY,23.0,1.0,23.0
7,1,0,0.47412109375,2025-02-01 11:00:00,USDMXN,1.0,1.0,1.0
7,0,0,0.35400390625,2025-02-01 12:00:00,AUDUSD,3.0,3.0,1.0
7,2,0,0.53271484375,2025-02-01 12:00:00,CHFJPY,3.0,3.0,1.0
7,1,0,0.441162109375,2025-02-01 12:00:00,EURUSD,14.0,None,4.0
7,2,0,0.56103515625,2025-02-01 12:00:00,USDJPY,33.0,None,12.0
7,1,0,0.5595703125,2025-02-01 12:00:00,USDMXN,30.0,3.0,None
7,0,0,0.36767578125,2025-02-01 13:00:00,AUDUSD,58.0,2.0,58.0
7,2,0,0.544921875,2025-02-01 13:00:00,CHFJPY,4.0,2.0,4.0
7,1,0,0.5166015625,2025-02-01 13:00:00,EURUSD,15.0,None,7.0
7,2,0,0.63818359375,2025-02-01 13:00:00,USDJPY,32.0,None,11.0
7,1,0,0.51025390625,2025-02-01 13:00:00,USDMXN,29.0,2.0,None
7,0,0,0.370849609375,2025-02-01 14:00:00,AUDUSD,3.0,1.0,3.0
7,2,0,0.379638671875,2025-02-01 14:00:00,CHFJPY,2.0,1.0,2.0
7,1,0,0.53662109375,2025-02-01 14:00:00,EURUSD,14.0,None,7.0
7,2,0,0.67529296875,2025-02-01 14:00:00,USDJPY,20.0,6.0,20.0
7,1,0,0.34912109375,2025-02-01 14:00:00,USDMXN,4.0,1.0,4.0
7,0,0,0.377685546875,2025-02-01 15:00:00,AUDUSD,56.0,5.0,56.0
7,2,2,0.517578125,2025-02-01 15:00:00,CHFJPY,4.0,2.0,None
7,1,0,0.53173828125,2025-02-01 15:00:00,EURUSD,13.0,None,9.0
7,2,0,0.6923828125,2025-02-01 15:00:00,USDJPY,6.0,5.0,6.0
7,1,0,0.338623046875,2025-02-01 15:00:00,USDMXN,36.0,4.0,None
7,0,0,0.421875,2025-02-01 16:00:00,AUDUSD,5.0,5.0,1.0
7,2,0,0.50146484375,2025-02-01 16:00:00,CHFJPY,2.0,2.0,1.0
7,1,1,0.51123046875,2025-02-01 16:00:00,EURUSD,12.0,None,8.0
7,2,0,0.55224609375,2025-02-01 16:00:00,USDJPY,5.0,4.0,5.0
7,1,0,0.338623046875,2025-02-01 16:00:00,USDMXN,29.0,2.0,None
7,2,0,0.42236328125,2025-02-01 17:00:00,AUDUSD,54.0,2.0,54.0
7,0,2,0.408203125,2025-02-01 17:00:00,CHFJPY,10.0,2.0,None
7,1,1,0.493408203125,2025-02-01 17:00:00,EURUSD,9.0,None,7.0
7,2,0,0.55322265625,2025-02-01 17:00:00,USDJPY,4.0,3.0,4.0
7,0,0,0.343505859375,2025-02-01 17:00:00,USDMXN,3.0,3.0,1.0
7,0,0,0.378173828125,2025-02-01 18:00:00,AUDUSD,5.0,5.0,1.0
7,0,0,0.438232421875,2025-02-01 18:00:00,CHFJPY,14.0,2.0,None
7,1,1,0.423095703125,2025-02-01 18:00:00,EURUSD,8.0,None,3.0
7,2,0,0.54931640625,2025-02-01 18:00:00,USDJPY,3.0,2.0,3.0
7,0,0,0.372802734375,2025-02-01 18:00:00,USDMXN,27.0,27.0,14.0
7,0,0,0.432861328125,2025-02-01 19:00:00,AUDUSD,10.0,10.0,6.0
7,0,0,0.478759765625,2025-02-01 19:00:00,CHFJPY,14.0,9.0,None
7,1,1,0.4228515625,2025-02-01 19:00:00,EURUSD,6.0,None,2.0
7,2,0,0.439208984375,2025-02-01 19:00:00,USDJPY,2.0,1.0,2.0
7,0,0,0.410400390625,2025-02-01 19:00:00,USDMXN,26.0,26.0,5.0
7,0,0,0.38232421875,2025-02-01 20:00:00,AUDUSD,9.0,9.0,5.0
7,0,0,0.50048828125,2025-02-01 20:00:00,CHFJPY,13.0,7.0,None
7,0,1,0.44287109375,2025-02-01 20:00:00,EURUSD,8.0,None,4.0
7,0,0,0.5029296875,2025-02-01 20:00:00,USDJPY,5.0,5.0,1.0
7,0,0,0.474365234375,2025-02-01 20:00:00,USDMXN,14.0,14.0,12.0
7,0,0,0.3955078125,2025-02-01 21:00:00,AUDUSD,19.0,19.0,4.0
7,0,2,0.50390625,2025-02-01 21:00:00,CHFJPY,12.0,3.0,None
7,0,1,0.47119140625,2025-02-01 21:00:00,EURUSD,7.0,None,3.0
7,0,0,0.57763671875,2025-02-01 21:00:00,USDJPY,3.0,2.0,3.0
7,0,0,0.50390625,2025-02-01 21:00:00,USDMXN,21.0,21.0,3.0
7,0,0,0.421875,2025-02-01 22:00:00,AUDUSD,7.0,7.0,2.0
7,0,2,0.57275390625,2025-02-01 22:00:00,CHFJPY,9.0,2.0,None
7,0,0,0.52978515625,2025-02-01 22:00:00,EURUSD,3.0,2.0,3.0
7,0,0,0.623046875,2025-02-01 22:00:00,USDJPY,3.0,3.0,2.0
7,0,0,0.485107421875,2025-02-01 22:00:00,USDMXN,11.0,11.0,2.0
7,0,0,0.493408203125,2025-02-01 23:00:00,AUDUSD,2.0,1.0,2.0
7,0,0,0.5234375,2025-02-01 23:00:00,CHFJPY,10.0,1.0,None
7,0,0,0.5400390625,2025-02-01 23:00:00,EURUSD,1.0,1.0,1.0
7,0,0,0.64111328125,2025-02-01 23:00:00,USDJPY,11.0,2.0,11.0
7,0,0,0.5078125,2025-02-01 23:00:00,USDMXN,1.0,1.0,1.0
7,0,0,0.47021484375,2025-02-02 00:00:00,AUDUSD,4.0,4.0,1.0
7,0,0,0.51123046875,2025-02-02 00:00:00,CHFJPY,3.0,3.0,1.0
7,0,0,0.6279296875,2025-02-02 00:00:00,EURUSD,9.0,9.0,1.0
7,0,0,0.52197265625,2025-02-02 00:00:00,USDJPY,12.0,None,1.0
7,0,0,0.53564453125,2025-02-02 00:00:00,USDMXN,10.0,10.0,1.0
7,0,0,0.4794921875,2025-02-02 01:00:00,AUDUSD,5.0,2.0,5.0
7,0,0,0.480224609375,2025-02-02 01:00:00,CHFJPY,8.0,2.0,None
7,0,0,0.6025390625,2025-02-02 01:00:00,EURUSD,7.0,7.0,3.0
7,0,0,0.5234375,2025-02-02 01:00:00,USDJPY,16.0,None,9.0
7,0,0,0.55419921875,2025-02-02 01:00:00,USDMXN,9.0,9.0,7.0
7,0,0,0.53173828125,2025-02-02 02:00:00,AUDUSD,60.0,None,4.0
7,0,2,0.447265625,2025-02-02 02:00:00,CHFJPY,7.0,1.0,None
7,0,0,0.52783203125,2025-02-02 02:00:00,EURUSD,7.0,7.0,2.0
7,0,0,0.5244140625,2025-02-02 02:00:00,USDJPY,19.0,None,8.0
7,0,1,0.53125,2025-02-02 02:00:00,USDMXN,6.0,None,4.0
7,0,0,0.505859375,2025-02-02 03:00:00,AUDUSD,59.0,None,3.0
7,0,0,0.42138671875,2025-02-02 03:00:00,CHFJPY,6.0,6.0,2.0
7,0,0,0.49072265625,2025-02-02 03:00:00,EURUSD,6.0,6.0,1.0
7,0,1,0.53759765625,2025-02-02 03:00:00,USDJPY,7.0,None,6.0
7,0,1,0.50634765625,2025-02-02 03:00:00,USDMXN,5.0,None,3.0
7,0,0,0.51953125,2025-02-02 04:00:00,AUDUSD,2.0,1.0,2.0
7,1,0,0.374267578125,2025-02-02 04:00:00,CHFJPY,1.0,1.0,1.0
7,1,0,0.425048828125,2025-02-02 04:00:00,EURUSD,6.0,5.0,6.0
7,1,0,0.56884765625,2025-02-02 04:00:00,USDJPY,3.0,1.0,3.0
7,0,1,0.467529296875,2025-02-02 04:00:00,USDMXN,4.0,None,2.0
7,1,0,0.4326171875,2025-02-02 05:00:00,AUDUSD,8.0,5.0,8.0
7,1,2,0.414306640625,2025-02-02 05:00:00,CHFJPY,8.0,4.0,None
7,1,0,0.444091796875,2025-02-02 05:00:00,EURUSD,5.0,4.0,5.0
7,1,0,0.64453125,2025-02-02 05:00:00,USDJPY,2.0,2.0,2.0
7,0,0,0.4599609375,2025-02-02 05:00:00,USDMXN,4.0,4.0,1.0
7,1,0,0.42626953125,2025-02-02 06:00:00,AUDUSD,41.0,2.0,41.0
7,1,2,0.388427734375,2025-02-02 06:00:00,CHFJPY,7.0,3.0,None
7,1,0,0.453125,2025-02-02 06:00:00,EURUSD,4.0,3.0,4.0
7,1,0,0.64697265625,2025-02-02 06:00:00,USDJPY,1.0,1.0,1.0
7,1,1,0.466552734375,2025-02-02 06:00:00,USDMXN,2.0,None,2.0
7,1,0,0.347900390625,2025-02-02 07:00:00,AUDUSD,9.0,9.0,6.0
7,1,2,0.396728515625,2025-02-02 07:00:00,CHFJPY,6.0,2.0,None
7,1,0,0.471435546875,2025-02-02 07:00:00,EURUSD,3.0,2.0,3.0
7,1,0,0.5791015625,2025-02-02 07:00:00,USDJPY,3.0,2.0,3.0
7,1,1,0.5078125,2025-02-02 07:00:00,USDMXN,1.0,None,1.0
7,2,0,0.3583984375,2025-02-02 08:00:00,AUDUSD,8.0,8.0,5.0
7,1,2,0.379638671875,2025-02-02 08:00:00,CHFJPY,5.0,1.0,None
7,1,0,0.44970703125,2025-02-02 08:00:00,EURUSD,2.0,1.0,2.0
7,1,0,0.5625,2025-02-02 08:00:00,USDJPY,2.0,1.0,2.0
7,1,0,0.53857421875,2025-02-02 08:00:00,USDMXN,4.0,2.0,4.0
7,2,0,0.3681640625,2025-02-02 09:00:00,AUDUSD,7.0,7.0,1.0
7,1,0,0.375,2025-02-02 09:00:00,CHFJPY,4.0,4.0,3.0
7,1,1,0.47802734375,2025-02-02 09:00:00,EURUSD,3.0,None,1.0
7,2,0,0.382080078125,2025-02-02 09:00:00,USDJPY,4.0,4.0,1.0
7,1,0,0.544921875,2025-02-02 09:00:00,USDMXN,12.0,12.0,3.0
7,2,0,0.388671875,2025-02-02 10:00:00,AUDUSD,52.0,None,3.0
7,2,0,0.419677734375,2025-02-02 10:00:00,CHFJPY,3.0,3.0,2.0
7,1,0,0.4931640625,2025-02-02 10:00:00,EURUSD,3.0,3.0,2.0
7,2,1,0.51220703125,2025-02-02 10:00:00,USDJPY,11.0,None,2.0
7,0,0,0.4287109375,2025-02-02 10:00:00,USDMXN,8.0,8.0,2.0
7,2,0,0.40625,2025-02-02 11:00:00,AUDUSD,5.0,5.0,2.0
7,2,0,0.46630859375,2025-02-02 11:00:00,CHFJPY,2.0,2.0,1.0
7,1,0,0.52587890625,2025-02-02 11:00:00,EURUSD,2.0,2.0,1.0
7,2,0,0.63232421875,2025-02-02 11:00:00,USDJPY,2.0,2.0,1.0
7,1,0,0.47509765625,2025-02-02 11:00:00,USDMXN,7.0,7.0,1.0
7,1,0,0.378173828125,2025-02-02 12:00:00,AUDUSD,4.0,4.0,1.0
7,2,0,0.3837890625,2025-02-02 12:00:00,CHFJPY,4.0,1.0,4.0
7,1,0,0.453369140625,2025-02-02 12:00:00,EURUSD,16.0,16.0,3.0
7,2,1,0.56494140625,2025-02-02 12:00:00,USDJPY,9.0,None,3.0
7,1,2,0.44873046875,2025-02-02 12:00:00,USDMXN,6.0,1.0,None
7,0,0,0.38623046875,2025-02-02 13:00:00,AUDUSD,49.0,None,5.0
7,2,0,0.423583984375,2025-02-02 13:00:00,CHFJPY,3.0,3.0,1.0
7,1,0,0.431396484375,2025-02-02 13:00:00,EURUSD,15.0,15.0,2.0
7,2,1,0.70361328125,2025-02-02 13:00:00,USDJPY,11.0,None,3.0
7,1,2,0.444091796875,2025-02-02 13:00:00,USDMXN,8.0,1.0,None
7,0,0,0.371337890625,2025-02-02 14:00:00,AUDUSD,33.0,None,4.0
7,2,2,0.5302734375,2025-02-02 14:00:00,CHFJPY,8.0,1.0,None
7,1,0,0.5400390625,2025-02-02 14:00:00,EURUSD,14.0,14.0,1.0
7,2,0,0.70166015625,2025-02-02 14:00:00,USDJPY,7.0,4.0,7.0
7,1,2,0.34619140625,2025-02-02 14:00:00,USDMXN,7.0,3.0,None
7,0,0,0.376220703125,2025-02-02 15:00:00,AUDUSD,3.0,1.0,3.0
7,2,2,0.53173828125,2025-02-02 15:00:00,CHFJPY,8.0,1.0,None
7,1,0,0.5322265625,2025-02-02 15:00:00,EURUSD,45.0,13.0,None
7,2,0,0.693359375,2025-02-02 15:00:00,USDJPY,6.0,3.0,6.0
7,2,2,0.342529296875,2025-02-02 15:00:00,USDMXN,12.0,3.0,None
7,2,0,0.4228515625,2025-02-02 16:00:00,AUDUSD,7.0,7.0,2.0
7,0,0,0.422119140625,2025-02-02 16:00:00,CHFJPY,23.0,6.0,None
7,1,2,0.5166015625,2025-02-02 16:00:00,EURUSD,12.0,10.0,None
7,2,2,0.66552734375,2025-02-02 16:00:00,USDJPY,2.0,2.0,None
7,1,2,0.466552734375,2025-02-02 16:00:00,USDMXN,5.0,1.0,None
7,2,0,0.43798828125,2025-02-02 17:00:00,AUDUSD,5.0,5.0,1.0
7,0,0,0.44921875,2025-02-02 17:00:00,CHFJPY,6.0,6.0,5.0
7,1,2,0.460693359375,2025-02-02 17:00:00,EURUSD,11.0,9.0,None
7,2,2,0.6220703125,2025-02-02 17:00:00,USDJPY,1.0,1.0,None
7,1,0,0.50439453125,2025-02-02 17:00:00,USDMXN,4.0,4.0,2.0
7,2,0,0.440185546875,2025-02-02 18:00:00,AUDUSD,20.0,5.0,20.0
7,0,0,0.41943359375,2025-02-02 18:00:00,CHFJPY,4.0,4.0,4.0
7,1,2,0.40087890625,2025-02-02 18:00:00,EURUSD,10.0,8.0,None
7,2,0,0.5625,2025-02-02 18:00:00,USDJPY,22.0,None,4.0
7,1,0,0.394775390625,2025-02-02 18:00:00,USDMXN,1.0,1.0,1.0
7,2,0,0.416015625,2025-02-02 19:00:00,AUDUSD,3.0,3.0,2.0
7,0,0,0.438720703125,2025-02-02 19:00:00,CHFJPY,3.0,3.0,3.0
7,1,2,0.396484375,2025-02-02 19:00:00,EURUSD,9.0,7.0,None
7,2,0,0.469482421875,2025-02-02 19:00:00,USDJPY,21.0,None,3.0
7,1,0,0.42578125,2025-02-02 19:00:00,USDMXN,5.0,2.0,5.0
7,0,0,0.363525390625,2025-02-02 20:00:00,AUDUSD,2.0,2.0,1.0
7,0,0,0.461181640625,2025-02-02 20:00:00,CHFJPY,2.0,2.0,2.0
7,1,0,0.3837890625,2025-02-02 20:00:00,EURUSD,6.0,6.0,1.0
7,0,1,0.4697265625,2025-02-02 20:00:00,USDJPY,4.0,None,1.0
7,0,0,0.46044921875,2025-02-02 20:00:00,USDMXN,4.0,1.0,4.0
7,0,0,0.3955078125,2025-02-02 21:00:00,AUDUSD,17.0,1.0,17.0
7,0,0,0.576171875,2025-02-02 21:00:00,CHFJPY,1.0,1.0,1.0
7,0,2,0.470703125,2025-02-02 21:00:00,EURUSD,7.0,5.0,None
7,0,0,0.5673828125,2025-02-02 21:00:00,USDJPY,26.0,None,3.0
7,0,0,0.50439453125,2025-02-02 21:00:00,USDMXN,6.0,6.0,3.0
7,0,0,0.431640625,2025-02-02 22:00:00,AUDUSD,1.0,1.0,1.0
7,0,0,0.52294921875,2025-02-02 22:00:00,CHFJPY,3.0,1.0,3.0
7,0,2,0.445556640625,2025-02-02 22:00:00,EURUSD,6.0,4.0,None
7,0,0,0.65869140625,2025-02-02 22:00:00,USDJPY,38.0,38.0,2.0
7,0,0,0.544921875,2025-02-02 22:00:00,USDMXN,5.0,5.0,2.0
7,0,0,0.537109375,2025-02-02 23:00:00,AUDUSD,41.0,None,14.0
7,0,0,0.521484375,2025-02-02 23:00:00,CHFJPY,11.0,11.0,3.0
7,0,0,0.489013671875,2025-02-02 23:00:00,EURUSD,3.0,3.0,3.0
7,0,0,0.64892578125,2025-02-02 23:00:00,USDJPY,37.0,37.0,1.0
7,0,0,0.50732421875,2025-02-02 23:00:00,USDMXN,1.0,1.0,1.0
7,0,0,0.59228515625,2025-02-03 00:00:00,AUDUSD,42.0,None,1.0
7,0,0,0.482666015625,2025-02-03 00:00:00,CHFJPY,13.0,13.0,1.0
7,0,0,0.501953125,2025-02-03 00:00:00,EURUSD,4.0,4.0,1.0
7,0,0,0.6904296875,2025-02-03 00:00:00,USDJPY,26.0,26.0,1.0
7,0,0,0.5341796875,2025-02-03 00:00:00,USDMXN,3.0,3.0,1.0
7,0,0,0.6083984375,2025-02-03 01:00:00,AUDUSD,39.0,None,12.0
7,0,0,0.6943359375,2025-02-03 01:00:00,CHFJPY,39.0,11.0,39.0
7,0,0,0.5009765625,2025-02-03 01:00:00,EURUSD,1.0,1.0,1.0
7,0,0,0.63134765625,2025-02-03 01:00:00,USDJPY,15.0,1.0,15.0
7,0,0,0.52001953125,2025-02-03 01:00:00,USDMXN,2.0,2.0,None
7,0,0,0.419189453125,2025-02-03 02:00:00,AUDUSD,11.0,5.0,11.0
7,0,2,0.50927734375,2025-02-03 02:00:00,CHFJPY,11.0,3.0,None
7,0,0,0.453857421875,2025-02-03 02:00:00,EURUSD,7.0,2.0,7.0
7,0,0,0.572265625,2025-02-03 02:00:00,USDJPY,14.0,4.0,14.0
7,0,0,0.52685546875,2025-02-03 02:00:00,USDMXN,1.0,1.0,1.0
7,1,0,0.385009765625,2025-02-03 03:00:00,AUDUSD,9.0,4.0,9.0
7,0,2,0.42431640625,2025-02-03 03:00:00,CHFJPY,10.0,2.0,None
7,0,0,0.409912109375,2025-02-03 03:00:00,EURUSD,5.0,1.0,5.0
7,0,0,0.421630859375,2025-02-03 03:00:00,USDJPY,13.0,3.0,13.0
7,0,0,0.58447265625,2025-02-03 03:00:00,USDMXN,16.0,16.0,1.0
